+1,ＰＬ,製造物責任
+1,ＰＤＡ,携帯情報端末
+1,トラウマ,心的外傷
+1,一時帰休,レイオフ
+1,ドナーカード,意思表示カード
+1,ＮＯｘ,窒素酸化物
+1,空中警戒管制機,ＡＷＡＣＳ
+1,緊急炉心冷却装置,ＥＣＣＳ
+1,クレディ・スイス・ファースト・ボストン,ＣＳＦＢ
+1,全米鉄鋼労組,ＵＳＷＡ
+1,朝鮮民主主義人民共和国,北朝鮮
+1,性的嫌がらせ,セクシュアル・ハラスメント
+1,ＣＯ２,二酸化炭素
+1,資金洗浄,マネーロンダリング
+1,ショッピングセンター,ＳＣ
+1,ＣＡＴＶ,ケーブルテレビ
+1,千年紀,ミレニアム
+1,欧州経済共同体,ＥＥＣ
+1,ＯＥＣＤ,経済協力開発機構
+1,ストックオプション,自社株購入権
+1,日本電信電話会社法,ＮＴＴ法
+1,ＡＶ,音響・映像
+1,ＨＤＴＶ,高精細度テレビ
+1,ハローワーク,公共職業安定所
+1,新生児集中治療室,ＮＩＣＵ
+1,ＩＤ,身分証明
+1,ＡＰＥＣ,アジア太平洋経済協力会議
+1,日本音楽著作権協会,ＪＡＳＲＡＣ
+1,情報技術,ＩＴ
+1,製造物責任法,ＰＬ法
+1,中央演算処理装置,ＣＰＵ
+1,ＦＩＦＡ,国際サッカー連盟
+1,携帯情報端末,ＰＤＡ
+1,コンプライアンス,法令順守
+1,全地球測位システム,ＧＰＳ
+1,西日本旅客鉄道,ＪＲ西日本
+1,夜間発着訓練,ＮＬＰ
+1,ダイレクトメール,ＤＭ
+1,ＧＮＰ,国民総生産
+1,硫黄酸化物,ＳＯｘ
+1,北米自由貿易協定,ＮＡＦＴＡ
+1,第３次戦略兵器削減条約,ＳＴＡＲＴ３
+1,放送衛星,ＢＳ
+1,公共職業安定所,ハローワーク
+1,マイノリティー,少数派
+1,ドナーカード,臓器提供意思表示カード
+1,インフラ,社会基盤
+1,バーチャルリアリティー,仮想現実
+1,東日本旅客鉄道,ＪＲ東日本
+1,モラルハザード,倫理の欠如
+1,パスワード,暗証番号
+1,東京ディズニーランド,ＴＤＬ
+1,ＣＤ,コンパクトディスク
+1,シビリアンコントロール,文民統制
+1,電子商取引,ＥＣ
+1,短観,企業短期経済観測調査
+1,ユニバーサル・スタジオ・ジャパン,ＵＳＪ
+1,ＣＴＢＴ,核実験全面禁止条約
+1,ケーブルテレビ,ＣＡＴＶ
+1,バーチャル,仮想
+1,通貨供給量,マネーサプライ
+1,世界自然保護基金,ＷＷＦ
+1,ＩＣＵ,集中治療室
+1,二酸化窒素,ＮＯ２
+1,製造物責任,ＰＬ
+1,ＣＤ,現金自動支払機
+1,ＮＡＴＯ,北大西洋条約機構
+1,ＩＴ,情報技術
+1,ＰＫＯ,国連平和維持活動
+1,現金自動支払機,ＣＤ
+1,ＭＤ,ミニディスク
+1,国連児童基金,ユニセフ
+1,ＧＰＳ,全地球測位システム
+1,心的外傷後ストレス障害,ＰＴＳＤ
+1,債務不履行,デフォルト
+1,株式公開買い付け,ＴＯＢ
+1,ガイドライン,日米防衛指針
+1,ＷＴＯ,世界貿易機関
+1,コンピューターグラフィックス,ＣＧ
+1,ＯＤＡ,政府開発援助
+1,大陸間弾道弾,ＩＣＢＭ
+1,ＣＧ,コンピューターグラフィックス
+1,国連教育科学文化機関,ユネスコ
+1,一酸化炭素,ＣＯ
+1,ユニセフ,国連児童基金
+1,ＩＯＣ,国際オリンピック委員会
+1,ＡＳＥＡＮ,東南アジア諸国連合
+1,セーフティーネット,安全網
+1,ソニー・コンピュータエンタテインメント,ＳＣＥ
+1,Ｊリーグ１部,Ｊ１
+1,液化天然ガス,ＬＮＧ
+1,金融派生商品,デリバティブ
+1,ＷＨＯ,世界保健機関
+1,ＰＴＳＤ,心的外傷後ストレス障害
+1,北朝鮮,朝鮮民主主義人民共和国
+1,アラブ首長国連邦,ＵＡＥ
+1,連合国軍総司令部,ＧＨＱ
+1,エイズウイルス,ＨＩＶ
+1,集中治療室,ＩＣＵ
+1,非営利組織,ＮＰＯ
+1,ＮＴＴ移動通信網,ＮＴＴドコモ
+1,ＣＥＯ,最高経営責任者
+1,アパルトヘイト,人種隔離
+1,国民総生産,ＧＮＰ
+1,日本たばこ産業,ＪＴ
+1,第２次戦略兵器削減条約,ＳＴＡＲＴ２
+1,ＩＭＦ,国際通貨基金
+1,窒素酸化物,ＮＯｘ
+1,ＤＮＡ,デオキシリボ核酸
+1,ＮＰＯ,非営利団体
+1,最高経営責任者,ＣＥＯ
+1,マネーロンダリング,資金洗浄
+1,ＯＳ,基本ソフト
+1,ＥＵ,欧州連合
+1,ホームページ,ＨＰ
+1,国際原子力機関,ＩＡＥＡ
+1,ＮＰＯ,非営利組織
+1,ＣＰＵ,中央演算処理装置
+1,セクシュアル・ハラスメント,性的嫌がらせ
+1,日本電信電話,ＮＴＴ
+1,基本ソフト,ＯＳ
+1,ＧＤＰ,国内総生産
+1,世界ボクシング協会,ＷＢＡ
+1,日本中央競馬会,ＪＲＡ
+1,モラルハザード,倫理観の欠如
+1,現金自動受払機,ＡＴＭ
+1,ＨＩＶ,エイズウイルス
+1,米連邦捜査局,ＦＢＩ
+1,フリーエージェント,ＦＡ
+1,全日本空輸,ＡＮＡ
+1,ドナー,臓器提供者
+1,国連平和維持軍,ＰＫＦ
+1,日本航空,ＪＡＬ
+1,ＮＴＴ移動通信網,ドコモ
+1,経済協力開発機構,ＯＥＣＤ
+1,ＡＴＭ,現金自動受払機
+1,世界保健機関,ＷＨＯ
+1,国際サッカー連盟,ＦＩＦＡ
+1,二酸化炭素,ＣＯ２
+1,松本智津夫,麻原彰晃
+1,政府開発援助,ＯＤＡ
+1,米航空宇宙局,ＮＡＳＡ
+1,国連平和維持活動,ＰＫＯ
+1,デリバティブ,金融派生商品
+1,米連邦準備制度理事会,ＦＲＢ
+1,日本オリンピック委員会,ＪＯＣ
+1,非政府組織,ＮＧＯ
+1,ＮＧＯ,非政府組織
+1,核実験全面禁止条約,ＣＴＢＴ
+1,アジア太平洋経済協力会議,ＡＰＥＣ
+1,東南アジア諸国連合,ＡＳＥＡＮ
+1,国内総生産,ＧＤＰ
+1,国際オリンピック委員会,ＩＯＣ
+1,世界貿易機関,ＷＴＯ
+1,日米防衛指針,ガイドライン
+1,国際通貨基金,ＩＭＦ
+1,欧州連合,ＥＵ
+1,北大西洋条約機構,ＮＡＴＯ
+1,ワールドカップ,Ｗ杯
+1,Ｇ７,先進７カ国
+1,ＮＰＴ,核拡散防止条約
+1,コーポレート・ガバナンス,企業統治
+1,異常接近,ニアミス
+1,ＢＯＤ,生物化学的酸素要求量
+1,上院,貴族院
+1,ＡＶ,オーディオビジュアル
+1,リテール,小口金融
+1,筋委縮性側索硬化症,ＡＬＳ
+1,新エネルギー・産業技術総合開発機構,ＮＥＤＯ
+1,ＭＲＩ,核磁気共鳴画像化装置
+1,ブラウザー,閲覧ソフト
+1,アメリカ・オンライン,ＡＯＬ
+1,反トラスト法,独占禁止法
+1,社会民主党,ＳＰＤ
+1,リスク,危険
+1,バランスシート,貸借対照表
+1,ＲＯＥ,株主資本利益率
+1,セクシュアル・ハラスメント,性的いやがらせ
+1,アウトソーシング,外部委託
+1,ＮＢＡ,米プロバスケットボール協会
+1,ＩＳＯ,国際標準化機構
+1,ＪＡＳ,日本農林規格
+1,ファンダメンタルズ,経済の基礎的諸条件
+1,リコール,解職請求
+1,ＪＩＣＡ,国際協力事業団
+1,Ｕ—１９,１９歳以下
+1,確定拠出型年金,４０１Ｋ
+1,ペレストロイカ,立て直し
+1,特定非営利活動促進法案,ＮＰＯ法案
+1,ドナー,提供者
+1,インターネット閲覧ソフト,ブラウザー
+1,Ｋｉｒｏｒｏ,キロロ
+1,Ｇ８,主要８カ国
+1,環境影響評価,アセスメント
+1,ジハード,聖戦
+1,Ｊリーグ２部,Ｊ２
+1,ＮＰＯ法,特定非営利活動促進法
+1,通信衛星,ＣＳ
+1,ＧＨＱ,連合国軍総司令部
+1,反トラスト法,独禁法
+1,意思表示カード,ドナーカード
+1,鉄道員,ぽっぽや
+1,リテール,小口取引
+1,ラマダン,断食月
+1,ＣＳ,通信衛星
+1,パレスチナ暫定自治合意,オスロ合意
+1,マーストリヒト条約,欧州連合条約
+1,シドニー五輪組織委員会,ＳＯＣＯＧ
+1,経済革命倶楽部,ＫＫＣ
+1,国連兵力引き離し監視軍,ＵＮＤＯＦ
+1,バンコマイシン耐性腸球菌,ＶＲＥ
+1,転換社債,ＣＢ
+1,共同運航,コードシェアリング
+1,特種用途車,８ナンバー
+1,レシピエント,移植を受ける患者
+1,国際熱核融合実験炉,ＩＴＥＲ
+1,ロールス・ロイス,ＲＲ
+1,溶血性尿毒症症候群,ＨＵＳ
+1,国際放射線防護委員会,ＩＣＲＰ
+1,ドラフト,新人選手選択
+1,長銀,日本長期信用銀行
+1,低用量ピル,経口避妊薬
+1,ディスクロージャー,経営情報の開示
+1,自動列車制御装置,ＡＴＣ
+1,弾道ミサイル防衛,ＢＭＤ
+1,統合サービスデジタル網,ＩＳＤＮ
+1,ＩＴＳ,高度道路交通システム
+1,国際ボクシング連盟,ＩＢＦ
+1,債権管理回収業,サービサー
+1,欧州サッカー連盟,ＵＥＦＡ
+1,緊急輸入制限,セーフガード
+1,クロイツフェルト・ヤコブ病,ＣＪＤ
+1,国際スケート連盟,ＩＳＵ
+1,アジア医師連絡協議会,ＡＭＤＡ
+1,国際児童図書評議会,ＩＢＢＹ
+1,ＧＥキャピタル,ＧＥＣ
+1,ＫＥＤＯ,朝鮮半島エネルギー開発機構
+1,自由アチェ運動,ＧＡＭ
+1,多国間投資協定,ＭＡＩ
+1,確定拠出型年金,日本版４０１Ｋ
+1,日本ボクシングコミッション,ＪＢＣ
+1,貯蓄貸付組合,Ｓ＆Ｌ
+1,ＡＰＳ,新写真システム
+1,日本貿易振興会,ＪＥＴＲＯ
+1,ＡＩＢＯ,アイボ
+1,気候変動に関する政府間パネル,ＩＰＣＣ
+1,米連邦航空局,ＦＡＡ
+1,米連邦取引委員会,ＦＴＣ
+1,先進７カ国蔵相代理会合,Ｇ７Ｄ
+1,小口取引,リテール
+1,国際競技連盟,ＩＦ
+1,国家平和発展評議会,ＳＰＤＣ
+1,無段変速機,ＣＶＴ
+1,ＣＴ,コンピューター断層撮影
+1,韓国中央情報部,ＫＣＩＡ
+1,日本交通公社,ＪＴＢ
+1,パレスチナ民族評議会,ＰＮＣ
+1,タミル・イーラム解放のトラ,ＬＴＴＥ
+1,ＮＡＳＡ,米航空宇宙局
+1,東京美術学校,現東京芸大
+1,政府短期証券,ＦＢ
+1,関税貿易一般協定,ガット
+1,平和安定化部隊,ＳＦＯＲ
+1,レセプト,診療報酬明細書
+1,南アジア地域協力連合,ＳＡＡＲＣ
+1,エアーニッポン,ＡＮＫ
+1,米国オリンピック委員会,ＵＳＯＣ
+1,西欧同盟,ＷＥＵ
+1,米国立衛生研究所,ＮＩＨ
+1,東京通信ネットワーク,ＴＴＮｅｔ
+1,乳幼児突然死症候群,ＳＩＤＳ
+1,米連邦通信委員会,ＦＣＣ
+1,極東国際軍事裁判,東京裁判
+1,南米選手権,コパ・アメリカ
+1,イスラム諸国会議機構,ＯＩＣ
+1,景気動向指数,ＤＩ
+1,最高執行責任者,ＣＯＯ
+1,日本フットボールリーグ,ＪＦＬ
+1,北海道国際航空,エア・ドゥ
+1,クラッカー,不正アクセス者
+1,湾岸協力会議,ＧＣＣ
+1,ＴＦＴ,薄膜トランジスタ
+1,英国放送協会,ＢＢＣ
+1,グローバリゼーション,地球規模化
+1,ＦＡ,フリーエージェント
+1,米プロバスケットボール協会,ＮＢＡ
+1,重要無形文化財保持者,人間国宝
+1,「インターシティー・エクスプレス」,ＩＣＥ
+1,南部共同市場,メルコスル
+1,整理回収銀行,ＲＣＢ
+1,ＮＥＣデビスカップ,デ杯
+1,日米安全保障協議委員会,２プラス２
+1,国連コソボ暫定統治機構,ＵＮＭＩＫ
+1,概算要求基準,シーリング
+1,国際刑事裁判所,ＩＣＣ
+1,トゥパク・アマル革命運動,ＭＲＴＡ
+1,早期自主的分野別自由化,ＥＶＳＬ
+1,シェア,占有率
+1,国家安全保障局,ＮＳＡ
+1,ＢＩＳ,国際決済銀行
+1,デフォルト,債務不履行
+1,高度道路交通システム,ＩＴＳ
+1,アフリカ民族会議,ＡＮＣ
+1,ジェノサイド,大量虐殺
+1,ドナー,骨髄液提供者
+1,ＡＭＤＡ,アジア医師連絡協議会
+1,メチシリン耐性黄色ブドウ球菌,ＭＲＳＡ
+1,ディスクロージャー,情報開示
+1,英国核燃料会社,ＢＮＦＬ
+1,日本工業規格,ＪＩＳ
+1,コマーシャルペーパー,ＣＰ
+1,国際陸連,ＩＡＡＦ
+1,ミニマムアクセス,最低輸入義務
+1,介護支援専門員,ケアマネジャー
+1,国際自然保護連合,ＩＵＣＮ
+1,ＮＨＬ,北米アイスホッケーリーグ
+1,ＭＰＵ,超小型演算処理装置
+1,海外経済協力基金,ＯＥＣＦ
+1,広東国際信託投資公司,ＧＩＴＩＣ
+1,シアン化カリウム,青酸カリ
+1,国際エネルギー機関,ＩＥＡ
+1,全国高校総合体育大会,インターハイ
+1,レジャー用多目的車,ＲＶ
+1,ニューヨーク証券取引所,ＮＹＳＥ
+1,内分泌かく乱物質,環境ホルモン
+1,ＰＫＯ,株価維持策
+1,宇宙開発事業団,ＮＡＳＤＡ
+1,ロングターム・キャピタル・マネジメント,ＬＴＣＭ
+1,査証,ビザ
+1,調査書,内申書
+1,短期国債,ＴＢ
+1,アンゴラ全面独立民族同盟,ＵＮＩＴＡ
+1,パリ国立銀行,ＢＮＰ
+1,強制調査,査察
+1,統一マレー国民組織,ＵＭＮＯ
+1,整理回収機構,ＲＣＣ
+1,米海洋大気局,ＮＯＡＡ
+1,ＰＦＩ,プライベート・ファイナンス・イニシアチブ
+1,北米アイスホッケーリーグ,ＮＨＬ
+1,気候変動枠組み条約第３回締約国会議,地球温暖化防止京都会議
+1,国際バレーボール連盟,ＦＩＶＢ
+1,国連カンボジア暫定統治機構,ＵＮＴＡＣ
+1,ＡＳＥＡＮ自由貿易地域,ＡＦＴＡ
+1,全日本スキー連盟,ＳＡＪ
+1,ポリカーボネート,ＰＣ
+1,アミロイド・ポリ・ニューロパシー,ＦＡＰ
+1,カルテ,診療録
+1,簡易型携帯電話,ＰＨＳ
+1,長期プライムレート,最優遇貸出金利
+1,アルスター統一党,ＵＵＰ
+1,欧州復興開発銀行,ＥＢＲＤ
+1,包容政策,太陽政策
+1,ＣＣＤ,電荷結合素子
+1,特別目的会社,ＳＰＣ
+1,ＭＲＳＡ,メチシリン耐性黄色ブドウ球菌
+1,臨床的脳死診断,仮の脳死判定
+1,国際刑事警察機構,ＩＣＰＯ
+1,ドイモイ,刷新
+1,ドーピング,薬物使用
+1,株主資本利益率,ＲＯＥ
+1,国際捕鯨委員会,ＩＷＣ
+1,ＣＯＯ,最高執行責任者
+1,ＤＶＤ,デジタル多用途ディスク
+1,ポリ塩化ビフェニール,ＰＣＢ
+1,日本国際ボランティアセンター,ＪＶＣ
+1,耐容１日摂取量,ＴＤＩ
+1,国連東ティモール暫定統治機構,ＵＮＴＡＥＴ
+1,ｉＭａｃ,アイマック
+1,Ｍ＆Ａ,合併・買収
+1,率,％
+1,フェデラル・ファンド,ＦＦ
+1,ＭＭＦ,マネー・マネジメント・ファンド
+1,国際民間航空機関,ＩＣＡＯ
+1,春節,旧正月
+1,最恵国待遇,ＭＦＮ
+1,ゼネラル・エレクトリック,ＧＥ
+1,ＮＩＥ,教育に新聞を
+1,浮遊粒子状物質,ＳＰＭ
+1,米本土ミサイル防衛,ＮＭＤ
+1,システムＬＳＩ,大規模集積回路
+1,国連環境計画,ＵＮＥＰ
+1,国際電気通信連合,ＩＴＵ
+1,２００５年日本国際博覧会,愛知万博
+1,日本貿易振興会,ジェトロ
+1,ブリティッシュ・テレコム,ＢＴ
+1,スーパーリージョナルバンク,大型地域銀行
+1,国連開発計画,ＵＮＤＰ
+1,日本高速通信,テレウェイ
+1,国際柔道連盟,ＩＪＦ
+1,アジア・サッカー連盟,ＡＦＣ
+1,欧州通貨機構,ＥＭＩ
+1,全米証券業協会,ＮＡＳＤ
+1,ＩＣ,集積回路
+1,ミサイル関連技術輸出規制,ＭＴＣＲ
+1,スポーツ振興投票,サッカーくじ
+1,Ｇ７,先進７カ国蔵相・中央銀行総裁会議
+1,アフリカ統一機構,ＯＡＵ
+1,国家安全保障会議,ＮＳＣ
+1,国際電信電話,ＫＤＤ
+1,ＪＴＢ,日本交通公社
+1,確定拠出型年金,日本版４０１ｋ
+1,ソフトランディング,軟着陸
+1,アカウンタビリティー,説明責任
+1,国際労働機関,ＩＬＯ
+1,国連食糧農業機関,ＦＡＯ
+1,アジア開発銀行,ＡＤＢ
+1,ケーブル・アンド・ワイヤレス,Ｃ＆Ｗ
+1,女子テニス協会,ＷＴＡ
+1,日米物品役務相互提供協定,ＡＣＳＡ
+1,ポールポジション,ＰＰ
+1,アジア・オリンピック評議会,ＯＣＡ
+1,スキーム,枠組み
+1,プロバイダー,接続業者
+1,世界食糧計画,ＷＦＰ
+1,ラージヒル,Ｋ点１２０メートル
+1,国連タジキスタン監視団,ＵＮＭＯＴ
+1,米食品医薬品局,ＦＤＡ
+1,弾道弾迎撃ミサイル,ＡＢＭ
+1,フォルクスワーゲン,ＶＷ
+1,ＤＶＤ,デジタル・ビデオ・ディスク
+1,整理回収機構,日本版ＲＴＣ
+1,米国際貿易委員会,ＩＴＣ
+1,米証券取引委員会,ＳＥＣ
+1,新ラウンド,多角的貿易交渉
+1,独立国家共同体,ＣＩＳ
+1,最優秀選手,ＭＶＰ
+1,ドーピング,禁止薬物使用
+1,国際スキー連盟,ＦＩＳ
+1,特定非営利活動促進法,ＮＰＯ法
+1,イタリア１部リーグ,セリエＡ
+1,ショートプログラム,ＳＰ
+1,多角的貿易交渉,新ラウンド
+1,国際デジタル通信,ＩＤＣ
+1,ＩＳＤＮ,統合サービスデジタル網
+1,国民民主連盟,ＮＬＤ
+1,世界ボクシング評議会,ＷＢＣ
+1,ＢＳ,放送衛星
+1,パレスチナ解放機構,ＰＬＯ
+1,日本移動通信,ＩＤＯ
+1,臓器提供者,ドナー
+1,２２歳以下,Ｕ２２
+1,Ｍ＆Ａ,企業の合併・買収
+1,ＰＣＢ,ポリ塩化ビフェニール
+1,米中央情報局,ＣＩＡ
+1,総合建設会社,ゼネコン
+1,石油輸出国機構,ＯＰＥＣ
+1,ゼネラル・モーターズ,ＧＭ
+1,第二電電,ＤＤＩ
+1,混合酸化物,ＭＯＸ
+1,アイルランド共和軍,ＩＲＡ
+1,日本エアシステム,ＪＡＳ
+1,国際協力事業団,ＪＩＣＡ
+1,国際決済銀行,ＢＩＳ
+1,クルド労働者党,ＰＫＫ
+1,ＲＶ,レジャー用多目的車
+1,日米特別行動委員会,ＳＡＣＯ
+1,ゼネコン,総合建設会社
+1,ミレニアム,千年紀
+1,サミット,主要国首脳会議
+1,国連難民高等弁務官事務所,ＵＮＨＣＲ
+1,ダンピング,不当廉売
+1,ＰＨＳ,簡易型携帯電話
+1,欧州中央銀行,ＥＣＢ
+1,アジア欧州会議,ＡＳＥＭ
+1,マグニチュード,Ｍ
+1,全欧安保協力機構,ＯＳＣＥ
+1,主要国首脳会議,サミット
+1,米通商代表部,ＵＳＴＲ
+1,ブリッジバンク,つなぎ銀行
+1,核拡散防止条約,ＮＰＴ
+1,国連大量破壊兵器廃棄特別委員会,ＵＮＳＣＯＭ
+1,戦域ミサイル防衛,ＴＭＤ
+1,主要８カ国,Ｇ８
+1,朝鮮半島エネルギー開発機構,ＫＥＤＯ
+1,環境ホルモン,内分泌かく乱物質
+1,先進７カ国蔵相・中央銀行総裁会議,Ｇ７
+1,日本版ビッグバン,金融制度改革
+1,サハリン,樺太
+1,社会党,現社民党
+1,ビルマ,現ミャンマー
+1,ＣＤ—ＲＯＭ,コンパクトディスク利用の読み出し専用メモリー
+1,ムンバイ,ボンベイ
+1,スーパー３０１条,不公正貿易慣行国への制裁条項
+1,ベクター,遺伝子の運び屋
+1,ＯＥＭ,相手先ブランドによる受託生産
+1,コンゴ民主共和国,旧ザイール
+1,インフォームド・コンセント,十分な説明に基づく同意
+1,リストラ,事業の再構築
+1,公害健康被害補償法,公健法
+1,日本証券業協会,日証協
+1,塩化ビニール,塩ビ
+1,防衛庁技術研究本部,技本
+1,日本電子工業振興協会,電子協
+1,日本原子力研究所,原研
+1,健康保険組合連合会,健保連
+1,日本自動車販売協会連合会,自販連
+1,日本民間放送連盟,民放連
+1,企業短期経済観測調査,短観
+1,大規模小売店舗法,大店法
+1,住宅金融債権管理機構,住管機構
+1,警察庁科学警察研究所,科警研
+1,大学入学資格検定,大検
+1,原水爆禁止日本協議会,原水協
+1,日本報道写真連盟,日報連
+1,海峡交流基金会,海基会
+1,自動車損害賠償責任,自賠責
+1,全国銀行協会連合会,全銀協
+1,在日本朝鮮人総連合会,朝鮮総連
+1,全国農業協同組合中央会,全中
+1,破壊活動防止法,破防法
+1,海峡両岸関係協会,海協会
+1,核燃料サイクル開発機構,核燃機構
+1,全国人民代表大会,全人代
+1,財政構造改革法,財革法
+1,国家安全企画部,安企部
+1,住専,住宅金融専門会社
+1,旧住宅金融専門会社,住専
+1,防衛庁調達実施本部,調本
+1,日本長期信用銀行,長銀
+1,全国人民代表大会,全人代
+1,核燃料サイクル開発機構,サイクル機構
+1,在日本大韓民国民団,民団
+1,原水爆禁止日本国民会議,原水禁
+1,日本原子力発電,原電
+1,動力炉・核燃料開発事業団,動燃
-1,省,８日
-1,Ｃ,上位
-1,0,昭島市
-1,0,荒川区
-1,」,王監督
-1,」,７０年
-1,踵,かかと
-1,。,専修（３
-1,」,政府高官
-1,」,ほるぷ出版
-1,」,大手銀幹部
-1,」,１９８８年
-1,0,多摩川クラブ
-1,に,２８ポイント
-1,へ,３４ポイント
-1,」,事務局・大阪市
-1,」,平和・改革幹部
-1,。,東銀座・東劇ほか
-1,」,青木幹雄官房長官
-1,▽,６月２６日就任予定
-1,＞,柊書房・２５００円
-1,。,日比谷シャンテ・シネ
-1,＞,角川書店・２７００円
-1,＞,短歌研究社・２５００円
-1,。,科学ジャーナリスト・西尾岳
-1,展,毎日新聞社、財団法人毎日書道会主催
-1,」,毎日新聞社会部編、本体価格３０００円
-1,。,財団法人・生命保険文化センター生活情報室
-1,コア,核
-1,に溺,おぼ
-1,市長,新潟県
-1,全貌,ぜんぼう
-1,狼狽,ろうばい
-1,退職,待命大使
-1,さん,推定５３歳
-1,歪曲,わいきょく
-1,した,証券取引法違反
-1,包丁,刃渡り約２０センチ
-1,・著,集英社文庫　４９５円
-1,・著,集英社文庫　５７１円
-1,▽鳳蘭,女優
-1,の残滓,ざんし
-1,青山〓,やすし
-1,◇宮城,県営宮城
-1,◇山梨,県営小瀬
-1,◇岩手,県営野球場
-1,【西安,中国陝西省
-1,シェア,市場占有率
-1,経団連,今井敬会長
-1,日・ロ,東１３：３０
-1,日午前,日本時間同夜
-1,長崎市,三菱重工長崎
-1,◇近畿,和歌山県営紀三井寺
-1,▽阿久悠,作詞家
-1,◇検定前,申請本
-1,◇検定後,見本本
-1,後半距離,１５キロ
-1,1898,明治３１
-1,1956,昭和３１
-1,最優秀作,内閣総理大臣賞
-1,乙武洋匡,おとたけひろただ
-1,小西照子,京都市、２６歳、家事手伝い、競馬歴２年
-1,（４）野茂,米ド
-1,ＮＴＴ関東,関東
-1,▽篠田正浩,映画監督
-1,0,ＮＴＴ西日本
-1,【クマノボ,マケドニア北部
-1,競艇のＳＧ,スペシャル・グレード
-1,旧福徳銀行,現なみはや銀行、本店・大阪市
-1,◇上昇銘柄◇,数字は％
-1,日、東京地裁,中山隆夫裁判長
-1,◇下落銘柄◇,同、▼はマイナス
-1,　丸谷才一著,新潮社・３６００円
-1,松下電池工業,本社・大阪府守口市
-1,＝ナビオシネ,０６・６３１６・１３１８
-1,▽五百メートル,１回目
-1,【エクスレバン,フランス東部
-1,金融再生委員会,越智通雄委員長
-1,師匠の九重親方,元横綱千代の富士
-1,オーバルホール,大阪市北区梅田３の４の５
-1,。喪主は妻百合子,ゆりこ
-1,「ギャンブル宝典」,発売／英知出版・定価／５００円
-1,自民党の小渕恵三総裁,外相
-1,▽副会長の田中孝昭さん,同５３歳
-1,男子テニスのプロ選手協会,ＡＴＰ
-1,▽ジャンプ・ノーマルヒル,Ｋ点＝８０メートル
-1,東京大会の本選会シリーズ,東京・銀座の王子ホール
-1,で５月５日まで。月曜休館,４月２０日と５月４日は開館
-1,、新宿区四谷３の７、Ｍｏｌｅ,四谷三丁目駅下車
-1,輸送船「パシフィック・スワン号」,５０００トン
-1,、年齢、職業、電話番号を明記のうえ、手紙,〒５３０—５１　毎日新聞大阪本社新社会面編集室＝住所不要
-1,、千代田区飯田橋３の２の１２、ギャラリー５２,飯田橋駅下車
-1,（２）配当原資がないのに、計約７１億円を株主に違法配当した,商法違反
-1,あて先は〒１００—８０５１毎日新聞地方部「出会いのページ」係,ファクス０３・３２１６・３４３６
-1,毎日新聞社はスポーツを背景にした幅広い分野で優れた実績をあげた人々,団体
-1,羅津,ラジン
-1,賄賂,わいろ
-1,」,ハート出版
-1,、最高裁第１小法廷,小野幹雄裁判長
-1,。,０６・６２１１・２５０６
-1,小西酒造,伊丹市
-1,岡光序治,のぶはる
-1,彼方,かなた
-1,挺身,ていしん
-1,0,第４図
-1,」,主催・毎日新聞社
-1,31,昭和６
-1,辟易,へきえき
-1,さん,当時１８歳
-1,星宿,せいしゅく
-1,梵鐘,ぼんしょう
-1,頂戴,ちょうだい
-1,日未明,日本時間同日朝
-1,ホロコースト,大虐殺
-1,怨,うら
-1,」,東京都北区
-1,」,自民党関係者
-1,著,新潮文庫　５５２円
-1,。,まちだ・こう＝作家・歌手
-1,。　,大野
-1,有権者,２０万８１９４人
-1,００メートル,ダート・１５頭
-1,チケットぴあ,０３・５２３７・９９９０
-1,0,元
-1,。,Ｉ
-1,。,玉置
-1,」,同課
-1,」,都議
-1,密,ひそ
-1,檻,おり
-1,藁,わら
-1,訊,たず
-1,」,市場筋
-1,元,はじめ
-1,戎,えびす
-1,」,早川書房
-1,」,防衛庁首脳
-1,」,大手邦銀幹部
-1,」,ニューヨーク・タイムズ紙
-1,」,苅込謙治・大和証券エクイティ部次長
-1,補填,ほてん
-1,西鉄,現西武
-1,諦観,ていかん
-1,さん,当時４３歳
-1,枕詞,まくらことば
-1,。日ノ岬丸２,０７３８・６２・２０７３
-1,。喪主は妻順子,じゅんこ
-1,「日本版Ｐ＆Ａ,資産・負債の承継
-1,「リプロダクティブヘルス・ライツ」,性と生殖に関する健康と権利
-1,。主催は日本野鳥の会東京支部。参加費は２００円,１８歳以下は無料
-1,教授,メディア法
-1,1939,昭和１４
-1,。千葉県浦安市舞浜１の１,舞浜駅下車
-1,0,５敗
-1,証券取引法違反,損失補てん・利益追加
-1,0,6000
-1,会長,新日本製鉄社長
-1,回戦,８時３０分開始
-1,で、最高裁第２小法廷,河合伸一裁判長
-1,％,労使折半
-1,」,大阪府茨木市
-1,萌芽,ほうが
-1,0,ウクライナ
-1,十二単,ひとえ
-1,本省人,台湾出身者
-1,妻木晩田,むきばんだ
-1,小島貴光,愛知・豊川
-1,イバ・マヨリ,クロアチア
-1,▽ＮＡ１６００,１２周
-1,昭和プラスチックス,本社・大阪府羽曳野市
-1,薪,まき
-1,何故,なぜ
-1,豹変,ひょうへん
-1,、６６,３５、３１
-1,７時,土日２時も
-1,。,笑
-1,揉,も
-1,」,男子
-1,」,山崎氏
-1,氏,自民党
-1,夥,おびただ
-1,」,原文のまま
-1,」,外務省スポークスマン
-1,忌憚,きたん
-1,操舵,そうだ
-1,生命,いのち
-1,耽美,たんび
-1,云々,うんぬん
-1,夭折,ようせつ
-1,教授,形成外科
-1,ブラフ,脅し
-1,ｈｉｄｅ,本名・松本秀人
-1,米倉加奈子,つくば国際大
-1,日、大阪地裁,的場純男裁判長
-1,貸金業規制法違反,取り立て行為の規制
-1,0,学生
-1,串,くし
-1,』,ながらみ書房
-1,計画,ケアプラン
-1,趙善津,ちょうそんじん
-1,青山綾里,イトマンＳＳ
-1,1959,昭和３４
-1,。,勝
-1,境,鳥取
-1,。,２１面に関連記事
-1,著,集英社文庫　５１４円
-1,先鞭,せんべん
-1,電車,８両編成
-1,日立市,日立製作所
-1,基礎年金,国民年金
-1,。山田渡船,０７２４・３６・３９４９
-1,％,３ポイント減
-1,」,糠谷真平事務次官
-1,小沢,一郎
-1,教授,心理学
-1,村主,すぐり
-1,涵養,かんよう
-1,舌鋒,ぜっぽう
-1,さん,推定５６歳
-1,第二地銀,旧相互銀行
-1,ザイール,現コンゴ民主共和国
-1,富士薬品,本社・埼玉県大宮市
-1,フラッシュメモリー,電気的に一括消去・再書き込み可能な読み出し専用メモリー
-1,鞍,くら
-1,大会,日本野球連盟、毎日新聞社主催
-1,北海道国際航空,エア・ドゥ、本社・札幌市
-1,。,て
-1,大,九州
-1,島,２７２ヘクタール
-1,」,同Ｃ
-1,咎,とが
-1,」,毎日系
-1,」,４９年
-1,蛙,かえる
-1,大,３勝２敗
-1,。,シネセゾン渋谷
-1,。,１２面に関連記事
-1,。,渋谷・ユーロスペース
-1,」,ドイツの銀行エコノミスト
-1,さん,招待
-1,炭疽,たんそ
-1,容貌,ようぼう
-1,排泄,はいせつ
-1,肋骨,ろっこつ
-1,の嚆矢,こうし
-1,龍谷大,関西六
-1,バチカン,ローマ法王庁
-1,。１０００円,当日１２００円
-1,。２０００円,当日２２００円
-1,。喪主は妻恵美子,えみこ
-1,」,射程１５００キロ
-1,冶金,やきん
-1,さん,当時３１歳
-1,教授,古代史
-1,教授,毒性学
-1,さん,当時４４歳
-1,第１分類,正常
-1,1933,昭和８
-1,石原ミヨ子,百草ＴＧ
-1,０００円。,０６・３６３・７９９９
-1,「日本工業所」,本社・大阪府堺市
-1,年,求刑・懲役５年
-1,年,求刑懲役１５年
-1,0,ウズベキスタン
-1,括,くく
-1,長,市議
-1,」,８２年
-1,紬,つむぎ
-1,」,検察幹部
-1,」,野中広務幹事長代理
-1,著,小学館文庫　４７６円
-1,教授,財政学
-1,社長,現会長
-1,躯体,くたい
-1,猛禽,もうきん
-1,箴言,しんげん
-1,胡弓,こきゅう
-1,メッツ,ワイルドカード
-1,ピコグラム,１ピコグラムは１兆分の１グラム
-1,００メートル,１０頭
-1,バティストゥータ,アルゼンチン
-1,0,内容勝ち
-1,年,求刑・懲役１０年
-1,著,講談社文庫　４６７円
-1,闊達,かったつ
-1,動脈瘤,りゅう
-1,０００円。,０６・６３６３・７９９９
-1,」,宮沢蔵相
-1,失踪,しっそう
-1,蘊蓄,うんちく
-1,釉薬,ゆうやく
-1,「園部,カレー
-1,て,？
-1,篭,かご
-1,」,晶文社
-1,虜,とりこ
-1,0,競艇選手
-1,。,明治（４
-1,」,新潮文庫
-1,0,ＦＷＥＬＬ
-1,。,大宮そごう
-1,」,日本評論社
-1,。,東京国際（２
-1,。,シネスイッチ銀座ほか
-1,＞,短歌新聞社・１８００円
-1,琥珀,こはく
-1,さん,当時４７歳
-1,さん,当時４９歳
-1,００万円,増額
-1,。谷久丸,０７７０・５２・２８５４
-1,平和記念公園,広島市中区
-1,長,会社員
-1,。,２、７面に関連記事
-1,所詮,しょせん
-1,犬伏孝行,大塚製薬
-1,日、大阪地裁であった。松本哲泓,てつおう
-1,0,３勝４敗
-1,牽制,けんせい
-1,。　,担当編集委員・田原護立
-1,「基礎薬理研究所」,三重県紀伊長島町
-1,0,定数１—３
-1,妻都子,さとこ
-1,1889,明治２２
-1,月、執行猶予３年,求刑・懲役１年６月
-1,塵,ちり
-1,」,野中氏
-1,」,本社・大阪市中央区
-1,冤罪,えんざい
-1,早川,紀代秀被告
-1,橋本,龍太郎前首相
-1,に邁進,まいしん
-1,第１分類,正常債権
-1,日、大阪地裁,川合昌幸裁判長
-1,。喪主は妻昭子,あきこ
-1,元映画スターのエストラダ副大統領,最大野党「愛国的フィリピン民衆の戦い」
-1,年,求刑懲役４年
-1,賞,日本文学振興会主催
-1,上昇,価格は下落
-1,１１日,日本時間１２日
-1,0,宮
-1,。,和
-1,」,千作
-1,桁,けた
-1,頃,ごろ
-1,」,思潮社
-1,窺,うかが
-1,」,岡田監督
-1,日,米国時間
-1,0,ランナーズ
-1,0,農林走友会
-1,。,三越池袋店
-1,。,有楽町阪急
-1,。,横浜そごう
-1,」,３５００円
-1,0,千代田走友会
-1,0,横浜緑走友会
-1,へ,１７ポイント
-1,へ,１９ポイント
-1,へ,２３ポイント
-1,へ,２４ポイント
-1,へ,３６ポイント
-1,」,ダイヤモンド社
-1,著,文春文庫　５１４円
-1,に拠,よ
-1,さん,仮名
-1,市長,茨城県
-1,剥奪,はくだつ
-1,晩餐,ばんさん
-1,さん,当時４５歳
-1,・著,文春文庫　４７６円
-1,戦」,毎日新聞社、スポーツニッポン新聞社後援
-1,◇千葉,県野球場
-1,▽神宮,４０００人
-1,、７５,３９、３６
-1,寺内健,ＪＳＳ宝塚
-1,広瀬均,ひろせＴＳ
-1,西・ダ,西１３：００
-1,鹿島瞳,セントラル池袋
-1,中入後,数字は対戦成績、白ヌキ数字は待った制裁金
-1,（４）原,元巨
-1,五百旗頭,いおきべ
-1,◇京滋奈,京都・西京極
-1,岡久美子,和歌山市、３６歳、会社員、競馬歴１０年
-1,林田広子,大阪府松原市、主婦、２９歳、競馬歴１年
-1,0,神戸製鋼
-1,0,新日鉄君津
-1,0,　　０　　０
-1,、北沢洋子,国際問題評論家
-1,【ボストン,米マサチューセッツ州
-1,かファクス,０６・３４６・１７３６
-1,＝国名小劇,０６・２１３・９２２９
-1,福田さよ子,大阪市東住吉区、４７歳、主婦、競馬歴２年
-1,【アジア総局,バンコク
-1,【ラスベガス,米ネバダ州
-1,介護保険制度,来年４月施行
-1,、和歌山地裁,小川育央裁判長
-1,河野洋平元総裁,無派閥
-1,＜第１章　予兆,シグナル
-1,　　　　中・横,ナ１８：００
-1,　　　　近・ロ,藤１８：００
-1,【ミネアポリス,米ミネソタ州
-1,＝三番街シネマ,０６・３７４・０６６１
-1,。喪主は妻喜代子,きよこ
-1,＝天六ユウラク座,０６・３５１・２８３３
-1,まで１０〜１８時,木・金曜２０時まで、月曜休館
-1,ご意見などは郵便,〒５３０—８２５１　毎日新聞社会部＝住所不要
-1,ワールドグループ２,２部
-1,によると、貿易赤字,季節調整済み
-1,【ウェストポイント,米ミシシッピ州
-1,ボランティアセンター,０７２７・２２・２７３７
-1,＝シネ・ヌーヴォ梅田,０６・６３６５・００９４
-1,京都市清掃局南清掃工場,現環境局南部クリーンセンター
-1,「びわこ空港住民投票の会」,請求代表者、岡本巌・滋賀大名誉教授ら５人
-1,、川崎市多摩区長尾２の８の１,向ケ丘遊園駅下車
-1,の「ＩＯＣ問題プロジェクト」,座長・八木祐四郎ＪＯＣ専務理事
-1,◆兵庫県＝０７８・９２７・２７２７,内３７１２
-1,大阪府摂津市の小学２年生、寺西沙弥夏,さやか
-1,その他、市町村に在宅介護支援センター,未設置の地域もあり
-1,職場や家庭での喜怒哀楽を、６００字ほどにまとめて投稿してください。住所、名前,匿名希望は明記
-1,を記入。「サークル・イベント」は会やグループの簡単な説明も。開催日の３週間前までに投稿して下さい。イラスト,掲載分には記念品贈呈
-1,毎日新聞の紙面についてのご意見を「読者ご意見番係」までお寄せください。紙面研究会での討議の参考にさせていただきます。ご意見は、手紙,〒５３０—８２５１　毎日新聞大阪本社編集局「読者ご意見番係」＝住所不要
-1,長,官房付
-1,木戸湊,毎日新聞社主筆
-1,００円,いずれも税・サ別
-1,税,国税
-1,００円。,０６・６３１・０８８４
-1,ヤンキース,ア・リーグ
-1,独占禁止法違反,不公正な取引方法
-1,躁,そう
-1,憚,はばか
-1,」,通商交渉筋
-1,畏怖,いふ
-1,鄭芝龍,しりゅう
-1,、６５,３１、３４
-1,日７時,土２時も、日２・６時
-1,。喪主は長男一郎,いちろう
-1,クメール・ルージュ,ポル・ポト派
-1,フランク・フレデリクス,ナミビア
-1,月の東京都区部の消費者物価指数,中旬速報値、１９９５年＝１００
-1,アルゼンチン戦,１４日
-1,丸山小百合,兵庫・神戸甲北高教
-1,。,多
-1,椀,わん
-1,煽,あお
-1,」,野田毅幹事長
-1,。,聞き書き・石川誠
-1,鬱屈,うっくつ
-1,1920,大正９
-1,家裁所長,東京高裁判事
-1,は１０日,日本時間１１日
-1,只,ただ
-1,膵臓,すいぞう
-1,灼熱,しゃくねつ
-1,1903,明治３６
-1,」,大阪市港区
-1,教授,環境科学
-1,稜線,りょうせん
-1,不逮捕,免責
-1,。,中安宏規
-1,須田健仁,東京美装
-1,1942,昭和１７
-1,ナターシャ・ズベレワ,ベラルーシ
-1,」,法務省幹部
-1,戦,西武ドーム
-1,」,宮津純一郎社長
-1,日,倉敷・マスカット
-1,垂涎,すいぜん
-1,李会昌,イフェチャン
-1,。喪主は妻郁子,いくこ
-1,。喪主は妻千代子,ちよこ
-1,」。１０００円。松下さん,０７２７・５１・４０４９
-1,1932,昭和７
-1,福嶌教偉,のりひで
-1,。,冠
-1,愉,たの
-1,辰,たつ
-1,回,１９９８年度
-1,本願寺,京都市下京区
-1,日教組,川上祐司委員長
-1,桜井健一,国際武道大
-1,バーディー,２ボギー
-1,ジャマイカ戦,２６日、リヨン
-1,吉原宏太,札幌
-1,甲斐智子,京セラ
-1,。,０６・２３１・２２２１
-1,省,２３日
-1,。,２８面に関連記事
-1,決勝,国立
-1,議会,定数１０８
-1,凛々,りり
-1,蒙古,モンゴル
-1,寂寥,せきりょう
-1,市議選,定数４０
-1,蔵相・中央銀行総裁会議,Ｇ２２
-1,段,先
-1,商品券,地域振興券
-1,肚,はら
-1,0,台東区
-1,」,官邸筋
-1,」,８５年
-1,0,東芝府中
-1,0,武蔵野市
-1,」,日本経済新聞社
-1,。,２２面に関連記事
-1,著,講談社文庫　５１４円
-1,些細,ささい
-1,さん,当時４８歳
-1,0,——
-1,。喪主は妻静子,しずこ
-1,。喪主は妻美恵子,みえこ
-1,。問い合わせは大阪ボランティア協会,０６・３５７・５７４１
-1,中級人民法院,地裁
-1,賽,さい
-1,」,主税局
-1,」,日銀筋
-1,0,定数１—２
-1,「呆,ぼ
-1,慄然,りつぜん
-1,　ロ・日,マリン
-1,障害飛越,減点法
-1,稲田容子,宮城県協会
-1,００円、子供,３歳以上
-1,東京ディズニーランド,千葉県浦安市
-1,隆,たかし
-1,」,太田
-1,膳,ぜん
-1,人,同２人
-1,賞,グランプリ
-1,囃子,ばやし
-1,グレグ・ノーマン,オーストラリア
-1,1905,明治３８
-1,0,中日
-1,濠,ほり
-1,０００円。,０７５・７５１・０６１７
-1,0,Ｌリーグ
-1,古沢緑,弘果ク
-1,中曽根,康弘元首相
-1,1918,大正７
-1,ニック・プライス,ジンバブエ
-1,５００字にまとめ、住所、氏名、年齢、職業、電話番号をお書きのうえ、〒５３０—８２５１　毎日新聞大阪本社「競馬毎日馬とわたし係」まで、封書かファクス,０６・６３４６・８１７１
-1,」,中原
-1,輿,こし
-1,」,府幹部
-1,氏,民主党・新緑風会
-1,」,堺屋太一経済企画庁長官
-1,」,上野泰也・富士証券チーフマーケットエコノミスト
-1,する,右から
-1,市長,愛知県
-1,梯子,はしご
-1,楕円,だえん
-1,骸骨,がいこつ
-1,た。,記録は共同
-1,憔悴,しょうすい
-1,ロシア,旧ソ連
-1,、７２,３３、３９
-1,ジャンルイ・シュレッサー,フランス、バギー
-1,0,小渕派
-1,副腎,ふくじん
-1,憂鬱,ゆううつ
-1,氏名,原則として実名だが一部は通称
-1,那覇市,沖縄銀行
-1,、６７,３６、３１
-1,近藤智弘,専大
-1,衆院議員,自由党
-1,宙,そら
-1,大洋,現横浜
-1,ＣＣ,パー７１
-1,会議,ＣＯＰ３
-1,年,求刑懲役５年
-1,▽退職,大阪高裁部総括判事
-1,長野〓士,あつし
-1,山上ケ岳,１７１９メートル
-1,甘輝,かんき
-1,天皇賞,春
-1,謳,うた
-1,」,大手メーカー
-1,金子英樹,桜田倶楽部
-1,」,大阪府枚方市
-1,鄭芝龍,ていしりゅう
-1,信岡沙希重,早大
-1,可処分所得,手取り収入
-1,本田技研鈴鹿,東海
-1,0,４勝１敗
-1,法,一
-1,平成７,1995
-1,箔,はく
-1,譚,たん
-1,0,三鷹市
-1,0,小平市
-1,」,読売系
-1,」,７８年
-1,瞼,まぶた
-1,茜,あかね
-1,。,駒沢（１
-1,」,４５０円
-1,」,２５００円
-1,0,小金井公園走友
-1,。,恵比寿ガーデンシネマ
-1,。,０６・６２１２・２５３１
-1,遠藤,誠一被告
-1,0,３勝１敗
-1,聳,そび
-1,戦,千葉マリン
-1,迂回,うかい
-1,閃光,せんこう
-1,韃靼,だったん
-1,鳥瞰,ちょうかん
-1,李姫鎬,イヒホ
-1,田口景子,亜大
-1,。おおせき丸,０７２４・９２・１２１５
-1,類,たぐい
-1,、７７,３９、３８
-1,0,第３図
-1,省,１６日
-1,」,本社・札幌市
-1,今井美希,中京女大ＴＣ
-1,の原発,軽水炉
-1,２６日,日本時間２７日
-1,繚乱,りょうらん
-1,銀行,現東京三菱銀行
-1,懺悔,ざんげ
-1,ガブリエラ・サボー,ルーマニア
-1,。,山
-1,。,谷孝子
-1,」,６９年
-1,省,１３日
-1,。,文教（３
-1,。,柿内俊江
-1,」,同社首脳
-1,」,政府首脳
-1,。,早稲田（４
-1,」,１９９６年
-1,」,２０００円
-1,0,玉川上水ＲＣ
-1,0,高島平走友会
-1,」,ユニバーサル
-1,戦,ナゴヤドーム
-1,。,２４面に関連記事
-1,著,新潮文庫　６６７円
-1,。,９、１１面に関連記事
-1,教授,地震学
-1,裾野,すその
-1,教授,発生工学
-1,湧水,ゆうすい
-1,教授,国際関係論
-1,逮捕,２２ポイント
-1,　高校,高校
-1,ご馳走,ちそう
-1,外務省,１５日
-1,—山田,日立高崎
-1,◇２等,２０万円
-1,金嬉老,キムヒロ
-1,◇１等,３０００万円
-1,倉敷市,三菱自動車水島
-1,◇東北,秋田市営八橋ほか
-1,キャップ,上限
-1,疲労困憊,こんぱい
-1,1906,明治３９
-1,大和証券,本店・東京
-1,第４分類,破たん債権
-1,真壁友枝,住友海上火災
-1,か、手紙,〒１００—８０５１、住所不要
-1,妻一美さん,死亡時２９歳
-1,0,プリンスホテル
-1,＝梅田劇場,０６・６３１６・１３１４
-1,地村真喜雄,大阪市東淀川区、４６歳、会社員、競馬歴２５年
-1,００メートル,１８頭
-1,【レドモンド,米ワシントン州
-1,１１〜１９時,最終日１６時まで、日曜定休
-1,◇大阪・和歌山,舞洲
-1,。喪主は妻悦子,えつこ
-1,　　　　ダ・オ,福１３：００
-1,【シエムレアプ,カンボジア北西部
-1,【カナナスキス,カナダ・アルバータ州
-1,【プリシュティナ,コソボ自治州
-1,【プリシュティナ,ユーゴスラビア・コソボ自治州
-1,＝動物園前シネフェスタ,０６・６４７・７１８８
-1,で５月５日まで。月曜休館,５月４日は開館
-1,、千代田区大手町２の３の１、ていぱーく,逓信総合博物館
-1,編集局メディア取材班へ。ファクスは０３・３２１２・５１７６、Ｅメールはｔ．ｍｅｄｉａ＠ｍｂｘ．ｍａｉｎｉｃｈｉ．ｃｏ．ｊｐ,之
-1,へ。棋譜のファクス速報は０９９０・６２・８７８７にかけ、音声ガイドに従って０５６を押して下さい。パソコン通信はニフティサーブ,ＧＯ　ＭＥＩＪＩＮ
-1,「出会いのページ」は読者の皆さんに出会いの喜びを伝えるページです。大いに活用して下さい。投稿は郵便またはファクスで。投稿者本人の〒住所、氏名、年齢、電話番号を明記。会合の案内は、会合名称、開催日時、場所、会費、連絡先を。「同窓会」は学校の正式名称,○○県立○〇校など
-1,サダム・フセイン,イラク大統領
-1,中国雲南省の梅里雪山,６７４０メートル
-1,宮沢,喜一
-1,羞恥,しゅうち
-1,渡瀬雄太,北海道・札幌日大高
-1,で、最高裁大法廷,裁判長・山口繁長官
-1,田村,福島
-1,松下電器,近畿
-1,凍結,税率０％
-1,教授,教育学
-1,た。,金額は推定
-1,、７０,３８、３２
-1,の生産調整,減反
-1,苔,こけ
-1,飴,あめ
-1,。,９面に解説
-1,」,西側外交筋
-1,％,同１ポイント減
-1,」,志位和夫書記局長
-1,媚薬,びやく
-1,市長,広島県
-1,口腔,こうくう
-1,。喪主は妻秀子,ひでこ
-1,。喪主は妻登美子,とみこ
-1,金融危機管理審査委員会,佐々波楊子委員長
-1,「女性のためのアジア平和国民基金」,原文兵衛理事長
-1,判決,大阪地裁
-1,ドル連動,ペッグ
-1,江沢民総書記,国家主席
-1,伊丹市,三菱電機
-1,著,新潮文庫　５１４円
-1,サダム,フセイン・イラク大統領
-1,朱雀,すざく
-1,覚醒,かくせい
-1,厩舎,きゅうしゃ
-1,」,野呂田芳成防衛庁長官
-1,記念,Ｇ２
-1,教授,生物学
-1,郵便法違反,切手類偽造
-1,。,文
-1,蝉,せみ
-1,釘,くぎ
-1,隙,すき
-1,」,太田誠一総務庁長官
-1,さん,俳優
-1,侮蔑,ぶべつ
-1,苛酷,かこく
-1,釈迦,しゃか
-1,平坦,へいたん
-1,清冽,せいれつ
-1,肛門,こうもん
-1,辛辣,しんらつ
-1,直截,ちょくせつ
-1,た。,スポーツ面参照
-1,日経連,根本二郎会長
-1,倉光哲,フミヤスポーツ福島
-1,1872,明治５
-1,1950,昭和２５
-1,経済同友会,牛尾治朗代表幹事
-1,。喪主は妻房子,ふさこ
-1,汲,く
-1,1946,昭和２１
-1,阪和銀行,本店・和歌山市
-1,年,求刑・懲役３年
-1,塔頭,たっちゅう
-1,」,７２年
-1,膠着,こうちゃく
-1,0,青
-1,凄,すさ
-1,」,第２部
-1,麓,ふもと
-1,％,増減なし
-1,。,４面に解説
-1,」,同社広報部
-1,」,森喜朗幹事長
-1,。,３、６、７面に関連記事
-1,勿論,もちろん
-1,「優優,ユウユウ
-1,叡智,えいち
-1,0,カザフスタン
-1,逢,あ
-1,」,オス
-1,顎,あご
-1,、,監査役
-1,」,広報課
-1,」,５９年
-1,分,代表撮影
-1,」,外務省首脳
-1,」,本社・東京都渋谷区
-1,。,０５７０・０００４８９
-1,。,毎月第３木曜日に掲載します
-1,罵倒,ばとう
-1,清々,すがすが
-1,猥雑,わいざつ
-1,の股間,こかん
-1,田崎俊雄,協和発酵
-1,経済戦略会議,樋口広太郎議長
-1,８月の世界選手権,スペイン・セビリア
-1,。,０６・６４９・８６２１
-1,山口,横浜フ
-1,1927,昭和２
-1,出入国管理及び難民認定法,入管法
-1,0,３勝
-1,0,１９時０５分
-1,予備費,５０００億円
-1,蔽,おお
-1,教授,情報法
-1,65,３４、３１
-1,鈴木文,チチヤス乳業
-1,0,ブラジル
-1,大,２部１位
-1,椿井,つばい
-1,特例公債,赤字国債
-1,1938,昭和１３
-1,年,求刑懲役１０年
-1,００円。,０６・７６２・６１３０
-1,。,奈
-1,糊,のり
-1,蜜,みつ
-1,貰,もら
-1,」,７９年
-1,。,独協（２
-1,」,中堅議員
-1,」,徳間書店
-1,。,上野松坂屋
-1,」,東洋経済新報社
-1,。,ファッションジャーナリスト・高橋牧子
-1,た。,スポーツ面に詳報
-1,沢口一樹,吉田産業
-1,地下鉄サリン事件,１９９５年３月
-1,に瀕,ひん
-1,0,インドネシア
-1,掴,つか
-1,」,有斐閣
-1,。,店長・中村不士夫さん
-1,籐,とう
-1,藤田敦史,駒大
-1,鎧,よろい
-1,大阪選挙区,改選数３
-1,００メートル,ダート・１４頭
-1,鯉,こい
-1,」,江主席
-1,」,堺屋長官
-1,。,まちだ・こう＝作家、歌手
-1,。,フリーライター・実川元子
-1,井箟,いのう
-1,埴輪,はにわ
-1,尻尾,しっぽ
-1,教授,経済学
-1,肥沃,ひよく
-1,倦怠,けんたい
-1,咀嚼,そしゃく
-1,箸墓,はしはか
-1,楢崎教子,ダイコロ
-1,佐藤昌幸,ＮＴＴ北海道
-1,マヌエラ・マシャド,ポルトガル
-1,デービッド・コールサード,英国、マクラーレン・メルセデス
-1,時,日曜定休
-1,大晦日,おおみそか
-1,近内圭太郎,鎌倉ＳＳ
-1,」,６５０円
-1,薬膳,やくぜん
-1,廻,まわ
-1,」,５７年
-1,。,法政（２
-1,。,電通（３
-1,。,国学院（２
-1,」,後１０・０
-1,」,ＮＨＫ出版
-1,」,フジテレビ系
-1,分娩,ぶんべん
-1,さん,当時１３歳
-1,絨毯,じゅうたん
-1,小幡佳代子,営団地下鉄
-1,日本弁護士連合会,小堀樹会長
-1,」,本社・横浜市
-1,女児,当時１２歳
-1,村主章枝,新横浜プリンスク
-1,広島県原爆被害者団体協議会,金子一士理事長
-1,藍住,あいずみ
-1,円,推定
-1,寺内健,大阪・此花学院高
-1,間,ま
-1,」,同Ｂ
-1,筈,はず
-1,」,加藤派幹部
-1,社,１６００円
-1,獅子,しし
-1,白眉,はくび
-1,凄絶,せいぜつ
-1,教授,国際政治
-1,藤原堅三,ヤオスポーツ
-1,」,立風書房
-1,冒涜,ぼうとく
-1,ガット,関税貿易一般協定
-1,覗,のぞ
-1,銀行,本店・札幌市
-1,１５日,日本時間１６日
-1,。,Ｓ
-1,0,日野市
-1,裕,ゆたか
-1,」,東京都杉並区
-1,へ,２５ポイント
-1,＞,角川書店・２８００円
-1,。,０６・３８０・２２２１
-1,市長,千葉県
-1,剪定,せんてい
-1,・著,光文社文庫　４９５円
-1,松田暉,ひかる
-1,◇東京,神宮第２
-1,、色丹,しこたん
-1,の末裔,まつえい
-1,◇１等,６０００万円
-1,蛯沢克仁,川田工業
-1,1949,昭和２４
-1,　　同　,11650
-1,【ラゴス,ナイジェリア
-1,は１６日,日本時間１７日
-1,◇横山幸雄,ピアノ
-1,地検検事正,最高検検事
-1,１２００円,当日１５００円
-1,＝梅田東映,０６・６３４５・７０９６
-1,藤井富雄常任顧問,東京都議
-1,日本高校野球連盟,牧野直隆会長
-1,＝シネ・ヌーヴォ,０６・５８２・１４１６
-1,◆写真・文　今森光彦,写真家
-1,自民党行政改革推進本部,武藤嘉文本部長
-1,と競技種目、あなたの住所,郵便番号
-1,。問い合わせは電話０３・３２１２・２５８０同係,平日１１〜１７時
-1,〒１００—８０５１　東京都千代田区一ツ橋１の１の１、毎日新聞東京社会事業団「海外救援金」係,郵便振替・００１２０—０—７６４９８
-1,シードのマルセロ・リオス,チリ
-1,0,慶大
-1,噺,ばなし
-1,0,小金井市
-1,」,東京都豊島区
-1,」,金融監督庁幹部
-1,公社,現ＮＴＴ
-1,曼荼羅,まんだら
-1,名護市辺野古,へのこ
-1,信用収縮,貸し渋り
-1,甲山,かぶとやま
-1,シンシア,ラブラドール・レトリバー種、雌、５歳
-1,牙,きば
-1,怒涛,どとう
-1,、７６,３９、３７
-1,は１３日,日本時間１４日
-1,日、神戸文化ホール。,０７８・２２２・８６５１
-1,福田,名古屋
-1,本田武史,法大
-1,センター,０７８・２９１・８４４１
-1,0,１勝３敗
-1,法違反,贈賄
-1,0,勝点１
-1,、,Ｂ
-1,齟齬,そご
-1,は１２日,日本時間１３日
-1,餌,え
-1,」,同筋
-1,」,７１年
-1,」,テレビ東京
-1,。,５面、社会面に関連記事
-1,お腹,なか
-1,摩訶,まか
-1,狡猾,こうかつ
-1,ニッチ,すき間
-1,。喪主は妻妙子,たえこ
-1,清水昭,杵築東芝
-1,和田貴広,和歌山県教育庁
-1,優秀賞,１編
-1,時,日本時間同日午後６時
-1,「青いターバンの少女,真珠の耳飾りの少女
-1,祠,ほこら
-1,1869,明治２
-1,尖閣諸島,中国名・釣魚島
-1,年,求刑懲役３年
-1,甲冑,かっちゅう
-1,青学大,東都
-1,埼玉栄,東埼玉
-1,中央職業安定審議会,労相の諮問機関
-1,石川県畜産総合センター,同県押水町
-1,。,原
-1,桶,おけ
-1,槍,やり
-1,」,幻冬舎
-1,菅,直人・民主党代表
-1,腰椎,ようつい
-1,。喪主は妻良子,よしこ
-1,７日,日本時間８日
-1,２７日,日本時間２８日
-1,。,１５面に関連記事
-1,００円。,０７８・５８３・１１８０
-1,ギナンジャール調整相,経済・財政・産業開発担当
-1,青山綾里,イトマン
-1,。３５００円,当日３８００円
-1,さん,当時５６歳
-1,甲斐,かい
-1,の趨勢,すうせい
-1,杜,もり
-1,」,京都市中京区
-1,1999,平成１１
-1,証券取引法違反,虚偽の有価証券報告書提出
-1,本部,本部長・橋本龍太郎首相
-1,内規,訓令
-1,0,豊島区
-1,勾配,こうばい
-1,拳銃,けんじゅう
-1,荒唐無稽,むけい
-1,山脇佳奈,ビット体操ク
-1,会長,三和銀行頭取
-1,合祀,ごうし
-1,鞭,むち
-1,」,６１年
-1,」,７５年
-1,斡旋,あっせん
-1,五輪代表,２２歳以下
-1,山鉾,やまほこ
-1,。,ね
-1,杭,くい
-1,さん,当時５４歳
-1,啓光学園,大阪第１
-1,００メートル,１１頭
-1,韓,朝鮮
-1,にこ,十一歳
-1,不倶戴天,ふぐたいてん
-1,元警部補、酒寄美久,さかよりよしひさ
-1,選挙無効,やり直し
-1,」,７４年
-1,財政構造改革会議,議長・橋本龍太郎首相
-1,」,羽生
-1,」,光文社
-1,」,同行幹部
-1,。,東洋英和女学院（４
-1,馬鹿,ばか
-1,埠頭,ふとう
-1,貪欲,どんよく
-1,愛嬌,あいきょう
-1,」,自民党筋
-1,」,菅直人民主党代表
-1,教授,刑法
-1,上原,大体大
-1,嗚咽,おえつ
-1,柑橘,かんきつ
-1,。喪主は妻正子,まさこ
-1,屹立,きつりつ
-1,彷徨,ほうこう
-1,脊髄,せきずい
-1,未来永劫,えいごう
-1,石岡拓也,トーエネック
-1,1900,明治３３
-1,ちゃん,当時７歳
-1,」,１９９２年
-1,。,独協（３
-1,」,１９９９年
-1,」,５０００円
-1,＞,ながらみ書房・２５００円
-1,柵,さく
-1,」,財界関係者
-1,」,神崎武法代表
-1,」,大阪市東淀川区
-1,鍵盤,けんばん
-1,遜色,そんしょく
-1,、７４,３９、３５
-1,。,２面に解説
-1,0,ベルギー
-1,立法会,議会
-1,００メートル,芝・１７頭
-1,００円,送料別
-1,実井謙二郎,日清食品
-1,時,日本時間同６時
-1,浄土真宗本願寺派,西本願寺
-1,。,日本開発銀行調査部
-1,ファツマ・ロバ,エチオピア
-1,０００円。,０６・６９４４・１１８８
-1,南海,現ダイエー
-1,0,補
-1,。,競
-1,」,５４年
-1,0,東村山市
-1,。,岩井宏之
-1,」,日本初演
-1,」,東京都中野区
-1,時,日本時間同日午後１１時
-1,」,本部・静岡県富士市、福永法源（ほうげん
-1,に伍,ご
-1,。　,木田
-1,ビザ,査証
-1,か。,二つまで
-1,同棲,どうせい
-1,颯爽,さっそう
-1,呪術,じゅじゅつ
-1,橋本,龍太郎首相
-1,・著,小学館文庫　５１４円
-1,◆特選,３人
-1,◇兵庫,ＧＳ神戸
-1,◇広島,広島市民
-1,・先鋒,ソンボン
-1,【昆明,中国雲南省
-1,野沢具隆,ゼンリン
-1,1936,昭和１１
-1,作新学院,北関東・栃木
-1,横山浩一,神戸市西区、３４歳、会社員、競馬歴１０年
-1,　　中・巨,ナゴヤ
-1,大阪工大高,大阪第３
-1,【ピオリア,米アリゾナ州
-1,月の家計調査,速報値
-1,エストロゲン,女性ホルモン
-1,。喪主は妻信子,のぶこ
-1,総会屋の鄭照謨,ていてるぼ
-1,＝ホクテンザ１,０６・６３５１・２８３３
-1,【プリシュティナ,ユーゴスラビア連邦コソボ自治州
-1,＝シネマアルゴ梅田,０６・３４３・１６９１
-1,＝梅田東映パラス２,０６・６３４５・７２９６
-1,、横浜市金沢区八景島,八景島駅下車
-1,政府税制調査会の加藤寛会長,千葉商科大学長
-1,経営破たんした大阪府出資の第三セクター「泉佐野コスモポリス」,社長、向江昇・泉佐野市長
-1,0,１勝４敗
-1,さん,当時２２歳
-1,ＪＴ,東北
-1,買春,かいしゅん
-1,さん,当時６３歳
-1,時,日本時間同日午後４時
-1,大阪,伊丹
-1,大教授,刑事訴訟法
-1,国民協議会,国権の最高機関
-1,社,１８００円
-1,。,編集委員・下川正晴
-1,佃煮,つくだに
-1,」,鳩山氏
-1,」,本社・神戸市
-1,蒔絵,まきえ
-1,焼夷,しょうい
-1,提灯,ちょうちん
-1,星野英正,東北福祉大
-1,、氏名,ふりがな
-1,村田由香里,宝塚サニーク
-1,」,くもん出版
-1,勾玉,まがたま
-1,長岡弥生,苫小牧臨床検査センター
-1,国後,くなしり
-1,教授,国際政治学
-1,辿,たど
-1,著,光文社文庫　５３３円
-1,。,中村孝義＝大阪音楽大学教授・音楽学
-1,1899,明治３２
-1,咽頭,いんとう
-1,日、京都会館第２ホール。,０７５・２３１・３７３０
-1,」,地銀幹部
-1,」,東尾監督
-1,。,哲学者・鷲田清一
-1,轟音,ごうおん
-1,矜持,きょうじ
-1,。,６面に関連記事
-1,敬虔,けいけん
-1,日１１時〜正午,作
-1,省,１０日
-1,００メートル,ダート・１３頭
-1,佇,たたず
-1,時,雨天決行
-1,冥利,みょうり
-1,牽引,けんいん
-1,、７０,３２、３８
-1,日午後,日本時間同日深夜
-1,開発予定地,約８５ヘクタール
-1,。ＦＣ海友,０７７２・２２・０７７３
-1,1929,昭和４
-1,0,福
-1,」,８８年
-1,」,後１０・００
-1,。,０７５・７７１・６１１４
-1,刺繍,ししゅう
-1,。喪主は妻文子,ふみこ
-1,滑川,西埼玉
-1,稀,まれ
-1,研鑽,けんさん
-1,植松仁,ヴェローチェ
-1,改革委員会,ＩＯＣ２０００委員会
-1,良宏,大和銀行
-1,0,自衛隊
-1,白虎,びゃっこ
-1,ブレード,刃
-1,顛末,てんまつ
-1,、６７,３１、３６
-1,天真爛漫,らんまん
-1,。喪主は妻玲子,れいこ
-1,肘,ひじ
-1,0,調布市
-1,。,明治（２
-1,」,金融関係者
-1,。,音楽評論家・中川燿
-1,洞窟,どうくつ
-1,時半,日本時間同１１時半
-1,「日韓,韓日
-1,豊永陽子,国士大
-1,闊歩,かっぽ
-1,年,求刑・懲役１年
-1,猜疑,さいぎ
-1,吉田秀彦,新日鉄
-1,００円。,０６・３４４・６１６６
-1,浄土真宗本願寺派,本山・西本願寺、京都市下京区
-1,エドアルド・エレラ,コロンビア
-1,大会,毎日新聞社、日本バレーボール協会主催
-1,０円,消費税込み
-1,日、東京地裁,山室恵裁判長
-1,」,旺文社
-1,」,８０年
-1,寿司,すし
-1,楷書,かいしょ
-1,２１日,日本時間２２日
-1,無頓着,むとんちゃく
-1,。,０６・７６１・８０５５
-1,基本法,憲法
-1,阪神甲子園球場,兵庫県西宮市
-1,＝シネ・ヌーヴォ梅田,０６・３６５・００９４
-1,次官補,東アジア・太平洋担当
-1,。,０６・３４５・５０６２
-1,三森由佳,綜合警備保障
-1,」,同Ａ
-1,」,５人
-1,。,東武池袋店
-1,0,駒沢公園ＪＣ
-1,」,日本テレビ系
-1,市長,埼玉県
-1,・著,文春文庫　４４８円
-1,踏切,警報機、遮断機付き
-1,700,500
-1,００メートル,１５頭
-1,0,２勝１敗
-1,則定衛,のりさだまもる
-1,２４日,日本時間２５日
-1,時,日本時間同日午後５時
-1,社,１５００円
-1,黄泉,よみ
-1,小渕恵三首相,党総裁
-1,第４分類,破たん
-1,400,200
-1,」,重文
-1,」,ワーナー
-1,」,６００円
-1,」,文化出版局
-1,」,１９９８年
-1,。,東京女子（２
-1,。　,江尻
-1,牢獄,ろうごく
-1,・著,新潮文庫　４３８円
-1,▽決勝,県営
-1,◇兵庫,姫路
-1,◇岡山,マスカット
-1,◇１等,４０００万円
-1,◇神奈川,県立保土ケ谷
-1,【ベイル,米コロラド州
-1,　　オ・ダ,神戸
-1,0,三菱自動車川崎
-1,【コーラー,米ウィスコンシン州
-1,【エシェデ,ドイツ・ニーダーザクセン州
-1,日本相撲協会,時津風勝男理事長
-1,【ウィルミントン,米デラウェア州
-1,＝ＯＳ劇場Ｃ・Ａ・Ｐ,０６・６３１１・２４７８
-1,大丸ミュージアムＫＯＢＥ,大丸神戸店９階
-1,ミノルタ賞＝ベクティスＳ−１Ｖズーム２２〜８０ミリ,Ｆ４〜５．６
-1,さん,当時２５歳
-1,棟梁,とうりょう
-1,６００円,４００円
-1,日、東京地裁,山崎学裁判長
-1,葦,あし
-1,髭,ひげ
-1,兜,かぶと
-1,の性,さが
-1,伴侶,はんりょ
-1,▽退職,理事
-1,月の米雇用統計によると、失業率,軍人を除く季節調整済み
-1,看取,みと
-1,２８日,日本時間２９日
-1,山口衛里,天満屋
-1,0,４敗
-1,。,金沢盛栄
-1,西下和記,北海道・北照高
-1,0,警視庁
-1,素敵,すてき
-1,0,３勝３敗
-1,」,証券系アナリスト
-1,錦絵,にしきえ
-1,0,現
-1,0,町田市
-1,」,後９・０３
-1,は１８日,日本時間１９日
-1,。荒神丸,０７３４・５９・１１８７
-1,縮瞳,しゅくどう
-1,」,統計局
-1,蹴鞠,けまり
-1,。喪主は妻敏子,としこ
-1,温,ぬく
-1,日,日本時間
-1,社会主義統一党,共産党
-1,証券取引法違反,利益要求
-1,淋,さび
-1,」,外為ディーラー
-1,。,０６・６７６１・８０５５
-1,真面目,まじめ
-1,高橋大斗,秋田・鷹巣農林高
-1,００円。,０７５・３９３・００１１
-1,松野允彦,のぶひこ
-1,有森裕子,リクルートＡＣ
-1,永利,ながとし
-1,卑怯,ひきょう
-1,、６４,３２、３２
-1,関大一,北大阪
-1,の要諦,ようてい
-1,」,村岡兼造官房長官
-1,稟議,りんぎ
-1,神輿,みこし
-1,横須賀市,日産自動車
-1,。,橋本輝
-1,0,青梅市
-1,さん,93
-1,お灸,きゅう
-1,刹那,せつな
-1,啓蟄,けいちつ
-1,イラン・イラク戦争,１９８０〜８８年
-1,萎,な
-1,」,ルービン財務長官
-1,著,新潮文庫　４７６円
-1,違反,収賄
-1,悶々,もんもん
-1,８日,日本時間９日
-1,呑,の
-1,厨子,ずし
-1,住宅金融債権管理機構,中坊公平社長
-1,。,０６・６４２６・１９４０
-1,蔓延,まんえん
-1,銀行,本店・神戸市
-1,0,亜
-1,」,厚生省
-1,」,関西系
-1,」,６６年
-1,に関,かか
-1,分祀,ぶんし
-1,９００円,７００円
-1,那覇軍港,那覇市
-1,００円。,０６・６６３１・０８８４
-1,顆粒,かりゅう
-1,振り駒,ごま
-1,、７３,３４、３９
-1,。丸高渡船,０６・６６１３・１０７５
-1,省,３０日
-1,円,新規
-1,２５日,日本時間２６日
-1,1928,昭和３
-1,」,６８年
-1,。１４時〜１５時,席
-1,日本臓器移植ネットワーク,本部・東京都港区
-1,遺,のこ
-1,。,中川五郎
-1,舞妓,まいこ
-1,＝テアトル梅田,０６・３５９・１０８０
-1,研究所,茨城県つくば市
-1,。喪主は妻栄子,えいこ
-1,。,福井逸治
-1,原子力安全委員会,佐藤一男委員長
-1,大丸ミュージアムＫＹＯＴＯ,大丸京都店６階
-1,時半,日本時間同９時半
-1,米田功,順大
-1,0,ガ
-1,柿,かき
-1,」,５８年
-1,1923,大正１２
-1,0,野球
-1,へ,２６ポイント
-1,股関節,こかんせつ
-1,僅,わず
-1,」,公明党幹部
-1,」,大阪市西区
-1,奈落,ならく
-1,誹謗,ひぼう
-1,は９日,日本時間１０日
-1,」,平凡社
-1,」,東京都台東区
-1,００円,入会金不要
-1,腱,けん
-1,69,３２、３７
-1,規制緩和委員会,委員長・宮内義彦オリックス社長
-1,宅見勝・宅見組組長,当時６１歳
-1,」,メス
-1,」,若手
-1,」,すばる
-1,宴,うたげ
-1,0,霞ケ丘楽走会
-1,袈裟,けさ
-1,恍惚,こうこつ
-1,歯舞,はぼまい
-1,鳥居幸,みゆき
-1,◇埼玉,県営大宮
-1,◇広島,福山市民
-1,、女子,一般・学生、４０歳以上
-1,笠松昭宏,徳洲会
-1,【マナマ,バーレーン
-1,　　　—,　　—　　—
-1,グリフィー,マリナーズ
-1,、Ｅメール,ｏ．ｋ‐ｂａ＿ｍａｉｎｉｃｈｉ＠ｍｂｘ．ｍａｉｎｉｃｈｉ．ｃｏ．ｊｐ
-1,大阪弁護士会,久保井一匡会長
-1,【セントルイス,米ミズーリ州
-1,マイクログラム,マイクロは１００万分の１
-1,マヘシュ・ブパシ,インド
-1,◆ご意見、ご感想をファクス,０６・６３４５・０６１８
-1,。,０６・６６２５・２２２２
-1,。,安藤眞
-1,1,１０周
-1,ｐｐｍ,ｐｐｍは１００万分の１
-1,青森大,北東北
-1,」,同協会
-1,呟,つぶや
-1,苛烈,かれつ
-1,た。,２、９面に関連記事
-1,雛,ひな
-1,輩,やから
-1,。喪主は妻京子,きょうこ
-1,不登校,登校拒否
-1,。,ぶ
-1,1948,昭和２３
-1,拓,ひら
-1,桜美林,西東京
-1,さん,当時３８歳
-1,教授,民法
-1,時半,日本時間同１０時半
-1,マンチェスター・ユナイテッド,イングランド
-1,繋,つな
-1,利回り,予定利率
-1,井上青香,豊田自動織機
-1,ローマ法王庁,バチカン
-1,。,０７５・２２１・３０４９
-1,」,６２年
-1,さん,当時２３歳
-1,天皇賞,秋
-1,。１５００円,当日１８００円
-1,２２日,日本時間２３日
-1,俯瞰,ふかん
-1,」,小渕派幹部
-1,個人消費,民間最終消費支出
-1,」,神戸市中央区
-1,堅牢,けんろう
-1,、６６,３１、３５
-1,。喪主は妻久子,ひさこ
-1,奴,やつ
-1,釜,かま
-1,」,消息筋
-1,忸怩,じくじ
-1,。,高本良彦
-1,桐,きり
-1,平沢岳,志賀高原ク
-1,は２０日,日本時間２１日
-1,。　,鈴木
-1,額面,５０円
-1,電車,６両編成
-1,議員,無所属
-1,1921,大正１０
-1,輪廻,りんね
-1,高速増殖炉「もんじゅ」,福井県敦賀市
-1,を賭,と
-1,比喩,ひゆ
-1,勃起,ぼっき
-1,大腿,だいたい
-1,６日,日本時間７日
-1,戦,ラージヒル＝Ｋ点１２０メートル
-1,風呂,ぶろ
-1,慚愧,ざんき
-1,メートル,第１グループ
-1,」,総務部
-1,」,自由党幹部
-1,編纂,へんさん
-1,要塞,ようさい
-1,諧謔,かいぎゃく
-1,。喪主は妻澄子,すみこ
-1,ロシアのチェルノムイルジン大統領特使,元首相
-1,明晰,めいせき
-1,看護婦,士
-1,エディー・アーバイン,英国、フェラーリ
-1,本山哲,レイナード・無限
-1,痔,じ
-1,0,府中市
-1,固唾,かたず
-1,酒田南,山形
-1,不起訴処分,嫌疑不十分
-1,日、東京地裁,池田耕平裁判長
-1,美術館,中央区銀座２の７の１８
-1,壷,つぼ
-1,。,治
-1,」,大日本図書
-1,黎明,れいめい
-1,日間,雨天順延
-1,三昧,ざんまい
-1,ワイルドカード,最高勝率の２位
-1,黄玉珍,台湾
-1,金融再生トータルプラン推進特別調査会,保岡興治会長
-1,来年７月の主要国首脳会議,沖縄サミット
-1,。４５００円,当日５０００円
-1,。喪主は妻弘子,ひろこ
-1,」,８３年
-1,の如,ごと
-1,」,講談社刊
-1,。,日本（２
-1,」,９００円
-1,涅槃,ねはん
-1,瓦礫,がれき
-1,プリモジュ・ペテルカ,スロベニア
-1,眉間,みけん
-1,骨董,こっとう
-1,0,京
-1,人,主催者発表
-1,」,東京都文京区
-1,。喪主は妻照子,てるこ
-1,君,当時１４歳
-1,」,１９９３年
-1,。,０７５・４４１・１４１４
-1,明訓,新潟
-1,県】,（２
-1,・著,新潮文庫　４００円
-1,四半期,１０〜１２月
-1,1909,明治４２
-1,は１７日,日本時間１８日
-1,連邦参議院,上院
-1,０００円。,０６・６４５３・６０００
-1,【アスンシオン,パラグアイ
-1,＝シネマアルゴ梅田,０６・６３４３・１６９１
-1,第５２回全日本学生音楽コンクール,毎日新聞社主催、ＮＨＫ後援
-1,の組み合わせに限り、１人２４００円,通常４２００円
-1,ピストル,６０発
-1,」,橋本首相
-1,大会,毎日新聞社後援
-1,「第十堰住民投票の会」,姫野雅義代表世話人
-1,０００円。,０６・３６１・１７３７
-1,河村英昭,三英社
-1,旭川実,北北海道
-1,愛,いと
-1,杉浦,日本生命
-1,贖罪,しょくざい
-1,。,０６・６２１２・１１２２
-1,。　,堂馬
-1,０人,先着順
-1,日本ペンクラブ,梅原猛会長
-1,の淵,ふち
-1,下駄,げた
-1,天秤,てんびん
-1,」,加藤氏
-1,」,日テレ系
-1,」,鳩山由紀夫幹事長代理
-1,推敲,すいこう
-1,逡巡,しゅんじゅん
-1,。,自動車評論家
-1,。　,松竹
-1,麻痺,まひ
-1,日、東京地裁,植村立郎裁判長
-1,撚糸,ねんし
-1,２３日,日本時間２４日
-1,専大北上,岩手
-1,」,東京都世田谷区
-1,００円。,０６・３６５・８２８１
-1,バーディー,１ボギー
-1,柳ケ浦,大分
-1,』,朝日新聞社
-1,中間選挙,１１月３日
-1,審議会,文相の諮問機関
-1,棺,ひつぎ
-1,捻出,ねんしゅつ
-1,昭和２０,1945
-1,００円。,０６・６３６１・１７３７
-1,上手,うま
-1,の寵児,ちょうじ
-1,崖,がけ
-1,廠,しょう
-1,鷹,たか
-1,」,６０年
-1,0,神宮ＡＣ
-1,帝京,東京Ａ
-1,羨望,せんぼう
-1,。喪主は妻美代子,みよこ
-1,０１２０・６５４８７４,老後心配なし
-1,朴正煕,パクチョンヒ
-1,円,消費税別
-1,徳野和彦,神奈川県警
-1,前橋市,群馬銀行
-1,」,９０年
-1,いちこ,十三歳
-1,盧泰愚,ノテウ
-1,ビルマ,ミャンマー
-1,」,共著
-1,萩原智子,ドルフィン甲府
-1,日、東京地裁,大渕敏和裁判長
-1,他人,ひと
-1,日未明,日本時間同日午前
-1,ニフティ会員に「毎日ザウルス電子新聞」を好評配信中。パソコンでは「毎日１５０文字新聞」,ＧＯ　ＭＮ１５０
-1,。,３面に解説、社会面に関連記事
-1,1945,昭和２０
-1,」,本部・東京
-1,花田勝彦,エスビー食品
-1,—,Ｖ
-1,。,恭
-1,」,８９年
-1,」,９２年
-1,増岡浩,三菱チャレンジャー
-1,第３四半期,７〜９月
-1,戦,Ｌ
-1,展,絵画
-1,躾,しつけ
-1,」,岩波文庫
-1,」,１３００円
-1,。,東京工業（３
-1,。,０６・２１１・２５０６
-1,ロ・日,千１８：１５
-1,２９日,日本時間３０日
-1,吉川由里,ユーピー
-1,順位点１・５,ＳＰ０・５、自由１・０
-1,　　　　近・西,大１８：００
-1,＝シネ・ヌーヴォ,０６・６５８２・１４１６
-1,で５月５日まで。月曜休館,２０日と５月４日は開館
-1,第６７回日本音楽コンクール,毎日新聞社、ＮＨＫ主催
-1,は兵庫県ボランティア協会,０７８・２４２・４６１３
-1,。,本社特別嘱託
-1,。,が
-1,」,菅直人・民主党代表
-1,0,阪神
-1,大,３敗
-1,遥,はる
-1,。,松島利行
-1,。,電通（２
-1,市長,大阪府
-1,浅利純子,ダイハツ
-1,国際人権Ｂ規約,市民的、政治的権利
-1,磯,いそ
-1,0,１勝２敗
-1,。,寿
-1,区,３キロ
-1,立法院,国会
-1,。,谷戸基岩
-1,所以,ゆえん
-1,日＝アートサロン毎日,毎日新聞社１階
-1,鄭周永,チョンジュヨン
-1,、７６,３８、３８
-1,。　,三谷
-1,主,あるじ
-1,＝梅田ピカデリー,０６・３１５・１４１４
-1,痩,や
-1,」,ｈｔｔｐ：／／ｗｗｗ．ｍａｉｎｉｃｈｉ．ｃｏ．ｊｐ／
-1,０００円。,０６・９４４・１１８８
-1,金沢イボンヌ,佐田建設
-1,５キロ,クラシカル
-1,」,８１年
-1,」,都銀役員
-1,」,民友連幹部
-1,清楚,せいそ
-1,＝梅田ガーデンシネマ,０６・４４０・５９７７
-1,新車販売台数,軽自動車を除く
-1,董建華,とうけんか
-1,汝,なんじ
-1,時,日本時間同７時
-1,鶴,つる
-1,収斂,しゅうれん
-1,。　,聞き手・田原護立
-1,金鍾泌,キム・ジョンピル
-1,。,２６面に関連記事
-1,洒脱,しゃだつ
-1,厚生年金,報酬比例部分
-1,」,６４年
-1,。,学習院（３
-1,。　,東宝
-1,花魁,おいらん
-1,熾烈,しれつ
-1,。,高
-1,。問い合わせは地球緑化センター,０３・３２４１・６４５０
-1,城東,東東京
-1,微笑,ほほえ
-1,。,キューレーター
-1,教授,日本古代史
-1,。,小
-1,」,８７年
-1,。,日本（３
-1,　一般,一般
-1,宗教法人「法,ほう
-1,ザコパネ,ポーランド
-1,００メートル,ダート・１２頭
-1,杖,つえ
-1,縞,しま
-1,時津風理事長,元大関豊山
-1,」,郵政省
-1,。,料理研究家
-1,」,民間シンクタンク
-1,妖艶,ようえん
-1,潰瘍,かいよう
-1,精悍,せいかん
-1,。,成田正
-1,。,渋谷東急本店
-1,」,同社幹部
-1,康仁徳,カンインドク
-1,新実,智光被告
-1,局長,６７年
-1,驚愕,きょうがく
-1,。,吉岡正晴
-1,」,新潮社刊
-1,。,西武池袋店
-1,」,後９・００
-1,立花美哉,井村シンクロク
-1,中川,智正被告
-1,５日,火・祝
-1,００円,３００円
-1,虎視眈々,こしたんたん
-1,0,自・衆
-1,」,８６年
-1,岩国,山口
-1,井上,嘉浩被告
-1,焦眉,しょうび
-1,を凌駕,りょうが
-1,、６９,３７、３２
-1,中・巨,ナ１８：２０
-1,日・西,東１８：１５
-1,の華三法行,はなさんぽうぎょう
-1,神奈川県山北町の玄倉,くろくら
-1,信州大医学部付属病院,長野県松本市
-1,0,南アフリカ
-1,錯綜,さくそう
-1,００円。,０６・６３６５・８２８１
-1,檄,げき
-1,」,橋本龍太郎首相
-1,▽退任,取締役
-1,堀井学,ＰＪＭジャパン
-1,。,フラワーデザイナー
-1,番,パー３
-1,蹂躙,じゅうりん
-1,東海事業所,茨城県東海村
-1,梯剛之,かけはしたけし
-1,」,日本政府筋
-1,欺瞞,ぎまん
-1,茶碗,ちゃわん
-1,の臨床試験,治験
-1,。　,池田
-1,田村岳斗,東北学院大
-1,。,Ａ
-1,。,武田明倫
-1,」,捜査幹部
-1,」,準大手証券
-1,樽,たる
-1,」,主計局
-1,薔薇,ばら
-1,攘夷,じょうい
-1,0,札
-1,罹患,りかん
-1,イスラム革命,１９７９年
-1,可憐,かれん
-1,中野信治,ミナルディ・フォード
-1,0,北区
-1,爽,さわ
-1,。　,高田
-1,秘訣,ひけつ
-1,、ファクス,０３・３２１２・０６３５
-1,瑕疵,かし
-1,択捉,えとろふ
-1,」,９３年
-1,。,高橋健二
-1,」,東京都目黒区
-1,堆肥,たいひ
-1,、７５,３６、３９
-1,中央環境審議会,近藤次郎会長
-1,森島,セ大阪
-1,。,２３面に関連記事
-1,愕然,がくぜん
-1,１日,日本時間２日
-1,」,１９９５年
-1,山麓,さんろく
-1,中京商,東海・岐阜
-1,喉,のど
-1,不遜,ふそん
-1,。末広丸,０７７２・２８・０６２８
-1,佐久長聖,長野
-1,市川,清水
-1,志水見千子,リクルート
-1,グランプリ,１人
-1,ニッポンチャレンジ,ピーター・ギルモア艇長
-1,。,０６・７８８・３９８７
-1,１９日,日本時間２０日
-1,日本原燃,本社・青森市
-1,紆余,うよ
-1,インディアンス,中地区
-1,」,川崎市
-1,高浜原発,福井県高浜町
-1,0,目黒区
-1,教授,社会学
-1,蜂起,ほうき
-1,さん,当時３０歳
-1,◇京都,西京極
-1,◇ＲＶ,４ＷＤ
-1,横・巨,横１８：００
-1,今井博幸,ＮＴＴ信越
-1,森長正樹,ゴールドウイン
-1,▽第２試合,１２時
-1,か、ファクス,０６・６３４６・８２２８
-1,、電子メール,ｏ．ｔｏｋｕｈｏｕ＠ｍｂｘ．ｍａｉｎｉｃｈｉ．ｃｏ．ｊｐ
-1,　　　　オ・ダ,戸１８：００
-1,◇新車登録台数,軽・商用車を除く
-1,まで１０〜１８時,水曜休館
-1,【ソルトレークシティー,米ユタ州
-1,、千代田区一番町２５、ＪＣＩＩビル１階、ＪＣＩＩフォトサロン,半蔵門駅下車
-1,☆「心当たりは？」欄に関係する情報をお持ちの方は「出会いのページ」係,０３・３２１２・２５８０
-1,東海大,首都
-1,天安門事件,１９８９年
-1,１４日,日本時間１５日
-1,田島寧子,南光ＳＳ
-1,干支,えと
-1,泰緬,たいめん
-1,阪急,現オリックス
-1,」,都銀
-1,」,８４年
-1,。,カラープランナー・高田芙美子
-1,！,早稲田大学助教授・レスリング五輪銀メダリスト
-1,0,２勝３敗
-1,。,保
-1,稲本,ガ大阪
-1,0,フ
-1,」,同省
-1,」,金融当局筋
-1,」,小渕恵三首相
-1,市長,兵庫県
-1,肴,さかな
-1,真宗大谷派,本山・東本願寺、京都市下京区
-1,。,国立科学博物館研究官
-1,日、東京地裁,金山薫裁判長
-1,林東源,イムドンウォン
-1,。,菱
-1,0,筑波大
-1,２０歳以下,Ｕ２０
-1,蜜月,みつげつ
-1,役行者,えんのぎょうじゃ
-1,０００円。,０６・４５３・６０００
-1,」,参院幹部
-1,」,国対幹部
-1,辻,つじ
-1,。,小児科医
-1,蕭万長,しょうばんちょう
-1,００円,５００円
-1,」,文研出版
-1,地方分権推進委員会,諸井虔委員長
-1,田中千景,長野・茅野高教
-1,0,２勝２敗
-1,。,成城（３
-1,。,銀座松坂屋
-1,」,７７年
-1,。　,増田
-1,』,砂子屋書房
-1,の砦,とりで
-1,饒舌,じょうぜつ
-1,小渕,恵三首相
-1,雉子牟田直子,旭硝子
-1,戦,福岡ドーム
-1,。,日本ソムリエ協会
-1,区,１０キロ
-1,教授,国際法
-1,。,日本橋高島屋
-1,＝三番街シネマ,０６・６３７４・０６６１
-1,満身創痍,そうい
-1,0,100
-1,」,理論社
-1,。せきおう丸,０７７３・７５・０１６９
-1,藤前干潟,名古屋港西１区
-1,全国銀行協会連合会の岸暁会長,東京三菱銀行頭取
-1,腑,ふ
-1,」,新潮
-1,」,非売品
-1,◇６等,２００円
-1,国姓爺,こくせんや
-1,佐藤清治,長野・佐久長聖高
-1,▽第１試合,９時半
-1,▽第３試合,１４時半
-1,高木虎之介,ティレル・フォード
-1,かファクス,０６・６３４６・８１７２
-1,１回目の元冦,１２７４年
-1,【オーガスタ,米ジョージア州
-1,　　　　ダ・日,福１８：００
-1,【ワイ・ミルズ,米メリーランド州
-1,【プリシュティナ,セルビア共和国コソボ自治州
-1,兵庫県西宮市の知的障害児施設、甲山学園,廃園
-1,ロジャー・マリス,ヤンキース
-1,0,市原
-1,味噌,みそ
-1,大人,中学生以上
-1,陳水扁,ちんすいへん
-1,」,自治省
-1,林享,中京大大学院
-1,寓意,ぐうい
-1,「食料・農業・農村基本法」,新農業基本法
-1,」,３０００円
-1,＝パラダイスシネマ,０６・２８２・１４６０
-1,。　,東映
-1,巫女,みこ
-1,さん,当時２４歳
-1,合意,１９９４年
-1,湾岸戦争,９１年
-1,捧,ささ
-1,、７１,３３、３８
-1,。,０６・６３４５・５０６２
-1,」,９８年
-1,」,菅氏
-1,揮毫,きごう
-1,」,菅直人代表
-1,静謐,せいひつ
-1,作新学院,栃木
-1,市橋有里,住友ＶＩＳＡ
-1,。,スポーツ面、社会面に関連記事
-1,覚せい剤取締法違反,使用
-1,、７４,３５、３９
-1,。丸高渡船,０６・６１３・１０７５
-1,袴,はかま
-1,真似,まね
-1,なみはや銀行株,額面５万円
-1,。,０６・６３６６・３６３６
-1,回都市対抗野球大会,毎日新聞社、日本野球連盟主催
-1,。,平野昭
-1,界隈,かいわい
-1,親戚,しんせき
-1,日、東京地裁,岡田雄一裁判長
-1,嘔吐,おうと
-1,法違反,旅券不携帯
-1,凋落,ちょうらく
-1,囃子,はやし
-1,。,０７７・５２３・７１３６
-1,罠,わな
-1,女将,おかみ
-1,」,新日本出版社
-1,」,ひくまの出版
-1,」,９４年
-1,。,プランタン銀座
-1,さん撮影,日報連会員
-1,さん,当時６４歳
-1,台詞,せりふ
-1,御影,みかげ
-1,さん,当時５３歳
-1,第３分類,破たん懸念債権
-1,連合,鷲尾悦也会長
-1,◇東京,府中市民
-1,◇神奈川,川崎
-1,有末博一,東大阪市、３３歳、自営業、競馬歴８年
-1,高木虎之介,アロウズ
-1,。喪主は妻節子,せつこ
-1,北朝鮮の金桂寛,キムゲグァン
-1,【ベルファスト,英国北アイルランド
-1,、その他は０３・３２１２・１８４９,毎日新聞社メディア情報部
-1,兵庫県加古川市の診療所「福原泌尿器科」,福原公院長
-1,紐,ひも
-1,００メートル,１２頭
-1,ノーマルヒル,Ｋ点９０メートル
-1,嘲笑,ちょうしょう
-1,上梓,じょうし
-1,国会等移転審議会,森亘会長
-1,朴定洙,パクチョンス
-1,城,横浜マ
-1,教授,社会心理学
-1,００円。,０７５・２５５・７２７３
-1,」,通産省
-1,。,０７９７・８６・７７７７
-1,千容宅,チョンヨンテク
-1,棲,す
-1,爪,つめ
-1,姜錫柱,カンソクチュ
-1,廟,びょう
-1,」,小峰書店
-1,」,高村正彦外相
-1,。,東洋英和女学院（３
-1,黒塚古墳,奈良県天理市
-1,仮谷清志さん,当時６８歳
-1,大会,日本高校野球連盟、朝日新聞社主催
-1,」,河出書房新社
-1,００メートル,１３頭
-1,庇護,ひご
-1,0,日本リーグ
-1,。,礒山雅
-1,。,明治（１
-1,」,１９９７年
-1,友友,ヨウヨウ
-1,銅鐸,どうたく
-1,宋楚瑜,そうそゆ
-1,」,本社・東京都新宿区
-1,象牙,ぞうげ
-1,賑,にぎ
-1,0,中野区
-1,川崎市,東芝
-1,0,墨田区
-1,娼婦,しょうふ
-1,。,丸善日本橋店
-1,篆刻,てんこく
-1,。松林渡船,０７３７・８３・３０００
-1,喧伝,けんでん
-1,」,８００円
-1,諦,あきら
-1,。,京王新宿店
-1,。海づり公園,０７８・７３５・２９０７
-1,賞,Ｇ１
-1,」,ソニー
-1,」,コロムビア
-1,最終成績◇,右端は通算賞金額・万円
-1,かファクス,０６・６３４６・８１８７
-1,＝梅田ガーデンシネマ,０６・６４４０・５９７７
-1,第５３回全日本学生音楽コンクール,毎日新聞社主催、ＮＨＫ後援、都築総合学園協力
-1,〜１９時,最終日１８時まで
-1,小山ちれ,池田銀行
-1,0,江戸川区
-1,朝原宣治,大阪ガス
-1,戦慄,せんりつ
-1,丑,うし
-1,沢山,たくさん
-1,。喪主は妻美智子,みちこ
-1,００メートル,１４頭
-1,掟,おきて
-1,明瞭,めいりょう
-1,船木和喜,フィット
-1,0,スウェーデン
-1,さん,当時２０歳
-1,渡辺泉郎,もとお
-1,ヤンキース,東地区
-1,教授,行政学
-1,杜氏,とうじ
-1,」,外務省
-1,諸冨,もろどみ
-1,橋本,龍太郎
-1,。,尚
-1,0,足立区
-1,」,６３年
-1,姑息,こそく
-1,。　,荒木
-1,。,６、７面に関連記事
-1,。喪主は妻幸子,さちこ
-1,オークランド,ニュージーランド
-1,」,本社・東京都中央区
-1,嗅覚,きゅうかく
-1,蔑視,べっし
-1,旦那,だんな
-1,。,２９面に関連記事
-1,。清義丸,０７３８・４２・０２５９
-1,鍼灸,しんきゅう
-1,0,94
-1,氏,民友連
-1,茫然,ぼうぜん
-1,」,本社・東京都港区
-1,日午前,日本時間同日夕
-1,」,役員
-1,、６５,３３、３２
-1.0,0.4,朝日
-1,莫大,ばくだい
-1,小沢,一郎・自由党党首
-1,、６５,３２、３３
-1,」,ＢＭＧ
-1,斑点,はんてん
-1,村井,秀夫元幹部＝故人
-1,◇新潟,鳥屋野
-1,神吉哲夫,神戸市、会社員、５１歳、競馬歴３１年
-1,新潟市鴎島,かもめじま
-1,１回目の元寇,１２７４年＝文永１１年
-1,の３階席を親と子,１８歳未満
-1,第６８回日本音楽コンクール,毎日新聞社、ＮＨＫ共催
-1,荒唐無稽,こうとうむけい
-1,証,あかし
-1,噺,はなし
-1,喝采,かっさい
-1,抜擢,ばってき
-1,。　,幸良
-1,旧満州,中国東北部
-1,５日,日本時間６日
-1,時,日本時間同
-1,さん,当時２６歳
-1,第１四半期,１〜３月
-1,。,昼
-1,彗星,すいせい
-1,テグラ・ロルーペ,ケニア
-1,九州学院,熊本
-1,００円,送料込み
-1,経,た
-1,歩,参考図
-1,蘇,よみがえ
-1,。,０６・６２５・２２２２
-1,大統領補佐官,国家安全保障問題担当
-1,隙間,すきま
-1,」,ディーラー
-1,美貌,びぼう
-1,洒落,しゃれ
-1,年「豚の死なない日」,白水社
-1,蓋,ふた
-1,渾身,こんしん
-1,高知赤十字病院,高知市
-1,600,400
-1,。,０７５・２２２・１０４６
-1,菩薩,ぼさつ
-1,時,日本時間同８時
-1,」,群像
-1,県】,（１
-1,▽第３試合,１３時半
-1,　　　　広・巨,広１８：２０
-1,【昨年のデータ,丸囲み数字は順位
-1,月間賞は【Ａ賞】３万〜５万円,特別賞は５万円以上も
-1,として読めます。お問い合わせは０３,3212
-1,這,は
-1,ミヒャエル・シューマッハー,ドイツ、フェラーリ
-1,豊饒,ほうじょう
-1,強靭,きょうじん
-1,市川,山梨
-1,汎,はん
-1,「洋洋,ヤンヤン
-1,」,毎日新聞社など後援
-1,年度上半期,４〜９月
-1,巷,ちまた
-1,市立有功,いさお
-1,、第３分類,破たん懸念
-1,。たかよし丸,０７３８・４３・０１２０
-1,0,２勝
-1,君,当時１０歳
-1,私,記者
-1,、７６,３７、３９
-1,田中めぐみ,あさひ銀行
-1,区,５キロ
-1,％,季節調整値
-1,。喪主は妻洋子,ようこ
-1,０００円。,０６・３４２・７７２２
-1,真宗大谷派,東本願寺
-1,。,０６・４２６・１９４０
-1,俎上,そじょう
-1,青木富美子,山形県総合運動都市公園公社
-1,君,２年
-1,さん,当時１９歳
-1,瞑想,めいそう
-1,。,小田急新宿店
-1,日、東京地裁,永井敏雄裁判長
-1,新湊,富山
-1,妖怪,ようかい
-1,。,２面、社会面に関連記事
-1,」,学習研究社
-1,工,佐賀
-1,。　,山崎
-1,胡錦涛,こきんとう
-1,００円,当日４３００円
-1,、メール,ｓｈａｋａｉｂｕ＠ｍａｉｎｉｃｈｉ．ｃｏ．ｊｐ
-1,【入場料】一般８００,600
-1,０７ｓｉ　ＡＦズーム２４〜８５ミリ,Ｆ３．５〜４．５
-1,」,草思社
-1,0,２敗
-1,下院司法委員会,ハイド委員長
-1,流行,はや
-1,。,３、７面に関連記事
-1,、７２,３８、３４
-1,氏,平和・改革
-1,寓話,ぐうわ
-1,冥福,めいふく
-1,松井,巨人
-1,。,１０、１１面に関連記事
-1,蝶,ちょう
-1,、７５,３８、３７
-1,徒有,ただあり
-1,呪,のろ
-1,。,大丸東京店
-1,の金永南,キムヨンナム
-1,。１８００円,当日２０００円
-1,四半期,４〜６月
-1,」,中央公論社
-1,」,加藤紘一幹事長
-1,を標榜,ひょうぼう
-1,惚,ほ
-1,0,96
-1,審議会,通産相の諮問機関
-1,術,すべ
-1,」,本社・京都市
-1,国学院久我山,東京第１
-1,臍帯血,さいたいけつ
-1,日,必着
-1,狼,おおかみ
-1,堆積,たいせき
-1,裾,すそ
-1,吊,つ
-1,政党助成法違反,虚偽記入
-1,＞,砂子屋書房・３０００円
-1,脊椎,せきつい
-1,0,江東区
-1,日、東京地裁,木村烈裁判長
-1,」,文學界
-1,。,早稲田（２
-1,大和,おおやまと
-1,断崖,だんがい
-1,0,ｃ
-1,。,三重宗久
-1,植美,たつみ
-1,金容淳,キムヨンスン
-1,▽第１試合,８時半
-1,▽第４試合,１６時
-1,０３・５４５３・７７９９,ＮＨＫ情報ネットワーク
-1,００メートル,芝・８頭
-1,甥,おい
-1,日,現地時間
-1,一揆,いっき
-1,乖離,かいり
-1,篠塚建次郎,三菱パジェロ
-1,濡,ぬ
-1,頬,ほお
-1,」,周辺
-1,0,文京区
-1,0,葛飾区
-1,。４０００円,当日４５００円
-1,林大貴,ひろたか
-1,。,規
-1,中田,平塚
-1,ヤナ・ノボトナ,チェコ
-1,金正日,キム・ジョンイル
-1,厨房,ちゅうぼう
-1,横山寿美子,北越銀行
-1,。２０００円,当日２３００円
-1,日７時,土２時も、日２時
-1,さん,当時２１歳
-1,壊死,えし
-1,」,毎日新聞社
-1,」,毎日新聞社など主催
-1,。,ん
-1,朝鮮戦争,１９５０〜５３年
-1,。,４面、社会面に関連記事
-1,梁,はり
-1,の控訴審判決,東京高裁
-1,0,マ
-1,の辜振甫,こしんぽ
-1,眉,まゆ
-1,伝播,でんぱ
-1,。,演劇評論家
-1,麺,めん
-1,親父,おやじ
-1,潰,つぶ
-1,」,業界筋
-1,氾濫,はんらん
-1,▽第２試合,１１時
-1,◇１等の前後賞,５００万円
-1,。,僧侶・妙光寺
-1,岩渕聡,ヨネックス
-1,第２分類,要注意債権
-1,」,筑摩書房
-1,松永里絵子,東女体大
-1,古田,ヤクルト
-1,」,神戸市
-1,汪道涵,おうどうかん
-1,田中雅美,中大
-1,議員,民主党
-1,風貌,ふうぼう
-1,罵声,ばせい
-1,。,０６・２１２・１１２２
-1,黒岩敏幸,ミサワホーム
-1,ｐｐｂ,ｐｐｂは１０億分の１
-1,。中野一渡船,０８８６・８８・００４８
-1,凄惨,せいさん
-1,イングランド銀行,英中央銀行
-1,。,２、３面、社会面に関連記事
-1,喧嘩,けんか
-1,最終成績◇,右端は通算賞金・万円
-1,頴川,えがわ
-1,精緻,せいち
-1,轍,てつ
-1,。海進丸,０７３８・６５・２６４８
-1,舅,しゅうと
-1,に扮,ふん
-1,眼,め
-1,町,淡路島
-1,予選通過者は次の通り。,演奏順、敬称略
-1,馴染,なじ
-1,敦賀気比,福井
-1,ＧＣ,パー７２
-1,＝パラダイスシネマ,０６・６２８２・１４６０
-1,西谷岳文,阪南大
-1,。　,尾賀
-1,」,手前
-1,0,北海道
-1,豊田大谷,東愛知
-1,日、和歌山地裁,小川育央（いくおう
-1,月の貿易統計速報,通関ベース
-1,」,１２００円
-1,いちこ,十四歳
-1,、７３,３５、３８
-1,全国世論調査,電話
-1,【ケネディ宇宙センター,米フロリダ州
-1,枕,まくら
-1,股,こ
-1,平塚市,神奈川中央交通
-1,0,98
-1,」,政府関係者
-1,」,夜
-1,妖,あや
-1,０００円。,０６・６３４２・７７２２
-1,商,岐阜
-1,。,０６・２１１・８４２７
-1,高田,奈良
-1,」,テレビ朝日
-1,飢饉,ききん
-1,贅沢,ぜいたく
-1,立候補者は次の通り。,届け出順
-1,」,ＴＢＳ系
-1,殺戮,さつりく
-1,。,才
-1,戦,神宮
-1,国務院,政府
-1,「神戸空港・住民投票の会」,代表世話人、須田勇・元神戸大学長ら８人
-1,今井裕介,山梨学院大
-1,」,９５年
-1,井上康生,東海大
-1,」,東芝ＥＭＩ
-1,を震撼,しんかん
-1,さん,91
-1,凧,たこ
-1,餌,えさ
-1,＝テアトル梅田,０６・６３５９・１０８０
-1,１７日共同】男子ゴルフの今季メジャー第２戦、９９回全米オープン選手権は１７日、当地のパインハースト・クラブ,７１７５ヤード、パー７０
-1,飛翔,ひしょう
-1,儲,もう
-1,二宮美穂,コマツ
-1,「包容,太陽
-1,語彙,ごい
-1,嗜好,しこう
-1,さん,当時２９歳
-1,。,１３面に関連記事
-1,親和銀行,長崎県佐世保市
-1,」,同省幹部
-1,日,水・祝
-1,上半期,１〜６月
-1,三角縁神獣鏡,さんかくぶちしんじゅうきょう
-1,68,３６、３２
-1,鄭成功,ていせいこう
-1,京都国立博物館,東山七条
-1,最高人民会議,国会に相当
-1,0,練馬区
-1,伽藍,がらん
-1,２日,日本時間３日
-1,大阪市,住友電工
-1,野明弘幸,長野県体協
-1,梗塞,こうそく
-1,癒,い
-1,」,通産省幹部
-1,。,聞き書き・内藤麻里子
-1,0,Ｃ
-1,0,平
-1,商法違反,特別背任
-1,。,志
-1,喋,しゃべ
-1,」,閣僚経験者
-1,暗闇,くらやみ
-1,◇３等,３万円
-1,◇１等の組違い賞,１０万円
-1,＝梅田ピカデリー,０６・６３１５・１４１４
-1,【ジョンソン宇宙センター,米テキサス州
-1,醤油,しょうゆ
-1,箸,はし
-1,パーシャル,部分
-1,００円,税込み
-1,。,大沢輝美
-1,0,Ｇ
-1,ます。,園芸研究家
-1,0,日大
-1,番,パー４
-1,」,大阪市中央区
-1,姪,めい
-1,偲,しの
-1,矩形,くけい
-1,審議会,厚相の諮問機関
-1,豊島,てしま
-1,日午前,日本時間同日午後
-1,」,京都市
-1,終,つい
-1,」,中公新書
-1,篠原信一,旭化成
-1,。,おわり
-1,組,ロシア
-1,選挙区,改選数２
-1,」,ＰＨＰ研究所
-1,」,仮題
-1,番,パー５
-1,。,精神科医
-1,」,東京都品川区
-1,稽古,けいこ
-1,。,３１面に関連記事
-1,惹,ひ
-1,。勝栄丸,０７３４・５９・０５０８
-1,」,あかね書房
-1,戦,横浜
-1,凛,りん
-1,。,２、３面に関連記事
-1,。,岩波洋造
-1,。,０７８・５１２・５５００
-1,山田,青森
-1,《材料》,４人分
-1,　　　　神・巨,甲１８：００
-1,時,最終日１５時まで
-1,さん,当時２８歳
-1,。３０００円,当日３３００円
-1,。,前・大蔵省診療所長
-1,隠蔽,いんぺい
-1,。,社会面参照
-1,拮抗,きっこう
-1,。かるも荘,０７３７・６２・３５２７
-1,0,昼食休憩
-1,竿,さお
-1,ナノグラム,ナノは１０億分の１
-1,餅,もち
-1,００メートル,芝・９頭
-1,腫,しゅ
-1,0,オランダ
-1,沢松奈生子,富士銀行
-1,」,ビクター
-1,0,市
-1,にこ,十二歳
-1,0,板橋区
-1,弘山晴美,資生堂
-1,0,渋谷区
-1,弛緩,しかん
-1,呪文,じゅもん
-1,洪淳瑛,ホンスンヨン
-1,。,８、９面に関連記事
-1,」,ポリドール
-1,0,自動車１台
-1,諜報,ちょうほう
-1,万ケース,１ケース＝大瓶２０本換算
-1,立法委員,国会議員
-1,」,大手生保
-1,道交法違反,ひき逃げ
-1,勃発,ぼっぱつ
-1,育,はぐく
-1,躊躇,ちゅうちょ
-1,瓦,かわら
-1,日まで。,水落潔
-1,トライ,ゴール
-1,混沌,こんとん
-1,。,早稲田（１
-1,0,名
-1,環濠,かんごう
-1,安堵,あんど
-1,川上優子,沖電気宮崎
-1,、７４,３８、３６
-1,。,０６・６３６１・００８８
-1,。中田遊漁船,０７３９・５８・０３４５
-1,ミカ・ハッキネン,フィンランド、マクラーレン・メルセデス
-1,旺盛,おうせい
-1,」,ポニーキャニオン
-1,さん,右から２人目
-1,と揶揄,やゆ
-1,小渕恵三首相,総裁
-1,比叡山,滋賀
-1,」,横浜市
-1,歯に衣,きぬ
-1,、Ｅメール,ｔｋｙ．ｎｉｔｉｙｏ．ｃｌｕｂ＠ｍｂｘ．ｍａｉｎｉｃｈｉ．ｃｏ．ｊｐ
-1,この欄への人生相談は、住所、氏名、年齢、職業を明記して〒１００・８０５１毎日新聞日曜版編集部「どうにかなる人生」係へお寄せ下さい。紙面では匿名とします。ファクス,０３・３２１２・０３９７
-1,。,０６・６６３１・２２２２
-1,湧,わ
-1,を彷彿,ほうふつ
-1,、７５,３７、３８
-1,４日,日本時間５日
-1,本田武史,宮城・東北高
-1,。,作家・武蔵大学教授
-1,岡山大医学部付属病院,岡山市
-1,揃,そろ
-1,００メートル,芝・１８頭
-1,癌,がん
-1,壕,ごう
-1,」,フジ系
-1,0,豪州
-1,戦,甲子園
-1,さん,当時１６歳
-1,0,八王子市
-1,艶,つや
-1,。,茂
-1,を謳歌,おうか
-1,」,宮沢喜一蔵相
-1,東邦,愛知
-1,怨念,おんねん
-1,。,知命
-1,」,野中広務官房長官
-1,００円,当日２５００円
-1,高岡寿成,鐘紡
-1,尽誠学園,香川
-1,委員長,共和党
-1,終焉,しゅうえん
-1,蹴,け
-1,寺尾悟,中京大
-1,◇東海,岡崎市民
-1,【セビリア,スペイン
-1,。　,藤原規
-1,想,おも
-1,、６８,３２、３６
-1,」,後９・０
-1,追徴課税,更正処分
-1,調査,面接
-1,0,１勝１敗
-1,」,毎日新聞社刊
-1,」,大手都銀幹部
-1,中田英寿,ペルージャ
-1,。,０６・６７７１・１００９
-1,一蹴,いっしゅう
-1,氏,公明
-1,氏,自由
-1,、７０,３７、３３
-1,曖昧,あいまい
-1,等,１万円
-1,さん,90
-1,叱責,しっせき
-1,◇２等,５０万円
-1,畏敬,いけい
-1,領袖,りょうしゅう
-1,絢爛,けんらん
-1,、７０,３３、３７
-1,」,選対幹部
-1,高橋千恵美,日本ケミコン
-1,妖精,ようせい
-1,山本貴司,近大
-1,時,日本時間同１０時
-1,杞憂,きゆう
-1,」,本社・東京都千代田区
-1,Ｓ,Ｇ３
-1,、７２,３４、３８
-1,舵,かじ
-1,。３５００円,当日４０００円
-1,。,黒衣子
-1,工,秋田
-1,叩,たた
-1,0,新
-1,ＰＬ学園,南大阪
-1,0,広島
-1,さん,左から２人目
-1,高原,磐田
-1,藍,あい
-1,さん,右端
-1,僧侶,そうりょ
-1,◇北海道,札幌円山
-1,【ペルージャ,イタリア
-1,◇先週の順位戦の結果,左が勝ち
-1,葛西紀明,地崎工業
-1,」,日本テレビ
-1,長江,揚子江
-1,訊,き
-1,未曽有,みぞう
-1,瞬間,とき
-1,長野,北陸
-1,。丸本海洋渡船,０７２２・２２・７１８６
-1,〒５３０—８２５１　大阪市北区梅田３の４の５、毎日新聞大阪社会事業団「海外救援金」係,郵便振替・００９７０—９—１２８９１
-1,。仁王丸,０７２４・５２・７４１６
-1,金融審議会,蔵相の諮問機関
-1,啓蒙,けいもう
-1,の牙城,がじょう
-1,編集局メディア取材班へ。ファクスは０３・３２１２・５１７６、Ｅメールはｔ．ｍｅｄｉａ＠ｍｂｘ．ｍａｉｎｉｃｈｉ．ｃｏ．ｊｐ,孝
-1,、７１,３８、３３
-1,」,９７年
-1,滑稽,こっけい
-1,0,品川区
-1,自嘲,じちょう
-1,、６６,３４、３２
-1,0,杉並区
-1,0,浦
-1,鈴木貴男,岩田屋
-1,」,エコノミスト
-1,星稜,石川
-1,００メートル,芝・１１頭
-1,。,作家
-1,袖,そで
-1,覚せい剤取締法違反,所持
-1,稀有,けう
-1,」,キング
-1,００メートル,１６頭
-1,」,岩崎書店
-1,００メートル,芝・１５頭
-1,松坂,西武
-1,西・近,西１８：００
-1,【パインハースト,米ノースカロライナ州
-1,まで１０〜１８時,最終日１５時まで、日曜定休
-1,67,３２、３５
-1,００メートル,芝・１０頭
-1,。平磯海づり公園,０７８・７５３・３９７３
-1,時,日本時間同９時
-1,海星,三重
-1,宮城ナナ,チームスカンジナビア
-1,」,関係筋
-1,。西海乗合船,０７８・９４２・６４８０
-1,。,幸兵衛
-1,省,１日
-1,今治西,愛媛
-1,さん,左端
-1,。,３面、社会面に関連記事
-1,」,大阪市北区
-1,小渕,恵三
-1,の御旗,みはた
-1,1624,寛永元
-1,、新宿区新宿３の１７の５、カワセビル３階、ミノルタフォトスペース新宿,新宿駅下車
-1,虹,にじ
-1,。,保育ママ
-1,喧騒,けんそう
-1,勝敗のお問い合わせは毎日新聞大阪本社の電話サービス,０１８０・９９６０１２
-1,0,清
-1,無垢,むく
-1,。,早稲田（３
-1,完璧,かんぺき
-1,。,音楽評論家
-1,哀,かな
-1,選挙区,改選数１
-1,静岡,静岡
-1,井上純一,西武鉄道
-1,」,文芸春秋
-1,溢,あふ
-1,。,３面参照
-1,吉田友佳,ミキハウス
-1,」,小学館
-1,。仙正丸,０７８・７３１・４５３６
-1,地域振興券,商品券
-1,さん,89
-1,日大,長崎
-1,0,鹿島
-1,ソーサ,カブス
-1,。,新居裕久＝昭和大学医学部客員教授
-1,浜田,島根
-1,田村亮子,トヨタ自動車
-1,0,１勝
-1,復讐,ふくしゅう
-1,の要,かなめ
-1,唐家〓,とうかせん
-1,教授,刑事法
-1,日午後,日本時間同日夜
-1,マグワイア,カージナルス
-1,。　,深井
-1,。,邦
-1,」,９６年
-1,敗,公式戦
-1,。,２５面に関連記事
-1,叱咤,しった
-1,ヤンネ・アホネン,フィンランド
-1,証,あか
-1,ヤ・巨,神１８：２０
-1,巨・横,東１８：００
-1,旧福徳銀行,現なみはや銀行
-1,」,大蔵省
-1,0,鹿
-1,等,１００万円
-1,ビャルテエンゲン・ビーク,ノルウェー
-1,調査,速報
-1,一世を風靡,ふうび
-1,虎,とら
-1,凄,すご
-1,脆弱,ぜいじゃく
-1,辛,つら
-1,。,０７２７・８２・２０００
-1,炒,いた
-1,弁護士,大阪弁護士会
-1,毒花,ぶすか
-1,戦,東京ドーム
-1,。,０６・３６１・００８８
-1,商,徳島
-1,栄,埼玉
-1,政府の中央省庁等改革推進本部,本部長・小渕恵三首相
-1,樟南,鹿児島
-1,菅原リサ,日体大
-1,。,弁護士
-1,堰,せき
-1,京都大病院,京都市左京区
-1,0,柏
-1,歪,ゆが
-1,。,編集委員・赤司正文
-1,旧満州,現中国東北部
-1,」,外交筋
-1,」,広報
-1,イチロー,オリックス
-1,柏陵,千葉
-1,００円,税・サ別
-1,外ノ池亜希,アルピコ
-1,0,初
-1,氏,社民
-1,。平和丸,０５９９・２６・５８８９
-1,。,大三
-1,時,日本時間同１１時
-1,］→,92
-1,0,セ
-1,、７４,３６、３８
-1,。,５面に関連記事
-1,＝写真,下
-1,◇３等,５万円
-1,、７３,３８、３５
-1,審議会,首相の諮問機関
-1,」,中堅証券
-1,0,0
-1,〜１９時,最終日１７時まで
-1,徘徊,はいかい
-1,万円,未上場
-1,時,最終日１６時まで
-1,冴,さ
-1,　　—,　—
-1,汎用,はんよう
-1,0,　０　０
-1,。,Ｈ
-1,0,95
-1,の両日、１０〜１５時。電話は０３・３２１５・１１６６,代表
-1,００メートル,芝・１３頭
-1,。,池谷一路
-1,。,ふくだ・しげお＝グラフィックデザイナー
-1,」,首相周辺
-1,傲慢,ごうまん
-1,屏風,びょうぶ
-1,、,社
-1,００メートル,芝・１２頭
-1,新井初佳,ピップフジモト
-1,。,雅
-1,一目瞭然,りょうぜん
-1,執拗,しつよう
-1,0,ロ
-1,」,本社・東京都
-1,証券取引法違反,有価証券報告書の虚偽記載
-1,、６６,３２、３４
-1,、,株
-1,君,当時８歳
-1,」,党幹部
-1,行政院,内閣
-1,。,Ｎ
-1,」,首脳
-1,綴,つづ
-1,爽快,そうかい
-1,、６７,３５、３２
-1,敦賀原発２号機,加圧水型軽水炉、出力１１６万キロワット
-1,、６６,３３、３３
-1,」,フジテレビ
-1,さん,88
-1,憧,あこが
-1,さん,87
-1,００円,当日３０００円
-1,焼酎,しょうちゅう
-1,0,オーストリア
-1,水戸商,茨城
-1,」,大手都銀
-1,金日成,キムイルソン
-1,。,歌人
-1,檀家,だんか
-1,。,演芸評論家、大阪芸大教授
-1,」,業界関係者
-1,0,大田区
-1,。,Ｕ
-1,」,岩波新書
-1,米軍普天間飛行場,沖縄県宜野湾市
-1,瞳孔,どうこう
-1,拿捕,だほ
-1,匂,にお
-1,報徳学園,兵庫
-1,変貌,へんぼう
-1,湾岸戦争,１９９１年
-1,電車,１０両編成
-1,日南学園,宮崎
-1,氏,共産
-1,理由,複数回答
-1,錦,にしき
-1,」,外資系証券
-1,」,ＴＢＳ
-1,」,日銀幹部
-1,創,つく
-1,0,フランス
-1,。,昌
-1,）サザエさん,関西
-1,、７４,３７、３７
-1,噂,うわさ
-1,。２５００円,当日２８００円
-1,。,２７面に関連記事
-1,堀井学,王子製紙
-1,まで１０時半〜１９時,最終日１４時まで
-1,。,略
-1,0,世田谷区
-1,嬉,うれ
-1,理大付,岡山
-1,。,０７８・２９１・９９９９
-1,胚,はい
-1,」,童心社
-1,」,福音館書店
-1,呪縛,じゅばく
-1,【ウィンブルドン,英国
-1,選抜高校野球大会,毎日新聞社、日本高校野球連盟主催
-1,切磋琢磨,せっさたくま
-1,」,集英社
-1,。,加藤久康
-1,）ブロードキャスター,毎日
-1,0,中央区
-1,竹島,韓国名・独島
-1,。,１０面に関連記事
-1,』,文藝春秋
-1,。３０００円,当日３５００円
-1,0,磐
-1,木村公宣,ロシニョールジャパン
-1,」,市場関係者
-1,教授,政治学
-1,自民党税制調査会,林義郎会長
-1,。,ホスピス医
-1,尻,しり
-1,決勝,７回戦制
-1,成章,京都
-1,（４）イチロー,オ
-1,《その日のニュースから１０項目を抽出。都内で１００人に選んでもらい集計。ＴＢＳラジオの「荒川強啓　デイキャッチ！」,月〜金曜午後３時半から
-1,。,木原孝久・わかるふくしネットワーク主宰
-1,緻密,ちみつ
-1,挨拶,あいさつ
-1,横浜,東神奈川
-1,瞳,ひとみ
-1,昏睡,こんすい
-1,0,神
-1,。,スポーツ面に関連記事
-1,腺,せん
-1,に翻弄,ほんろう
-1,玩具,がんぐ
-1,。,文芸評論家
-1,。,０６・６３１・２２２２
-1,の訃報,ふほう
-1,桐生第一,群馬
-1,祭祀,さいし
-1,嘘,うそ
-1,塚原直也,明大
-1,」,調査局
-1,粋,いき
-1,。喪主は妻和子,かずこ
-1,。,０１２０・４８９４４４
-1,0,カナダ
-1,期王将戦七番勝負,毎日新聞社、スポーツニッポン新聞社主催
-1,腫瘍,しゅよう
-1,」,民主党幹部
-1,高橋尚子,積水化学
-1.0,0.4,フジ
-1,破綻,はたん
-1,。,３面に解説
-1,佐伯美穂,フリー
-1,」,金の星社
-1,」係,郵便振替００９７０・９・１２８９１
-1.0,0.8,日本
-1,」,偕成社
-1,片山隼,しゅん
-1,強姦,ごうかん
-1,膝,ひざ
-1,叱,しか
-1,0,１敗
-1,払拭,ふっしょく
-1,」,防衛庁幹部
-1,０人にプレゼントします。,企画・なぎさ書房
-1,嵐,あらし
-1,、中央区銀座３の５の６、松島眼鏡店３階、銀座ニコンサロン,銀座駅下車
-1,仙台育英,宮城
-1,清水宏保,三協精機
-1,さん,85
-1,００メートル,ダート・１６頭
-1,0,フィリピン
-1,」,都銀ディーラー
-1,」,広報室
-1,、６７,３３、３４
-1,さん,86
-1,東福岡,福岡
-1,◇５等,１００円
-1,」係,郵便振替００１２０・０・７６４９８
-1,森敏,野沢温泉ク
-1,。,小堀啓爾
-1,、７１,３７、３４
-1,。,大
-1,0,新宿区
-1,1,代
-1,」,東京都中央区
-1,凱旋,がいせん
-1,公選法違反,買収
-1,◆棋譜,消費時間は分
-1,第２分類,要注意
-1,芯,しん
-1,銀行,本店・大阪市
-1,風呂,ふろ
-1,。,０６・６３７７・７７７７
-1,、７１,３４、３７
-1,金倉里,クムチャンリ
-1,さん,84
-1,、６７,３４、３３
-1,0,中
-1,」,毎日新聞社主催
-1,ペリー政策調整官,前国防長官
-1,、７３,３７、３６
-1,。,８面に関連記事
-1,銀行,中央銀行
-1,小渕恵三首相,自民党総裁
-1,ね,笑い
-1,0,千代田区
-1,」,東京都
-1,日,ＮＨＫ
-1,する,左から
-1,。,エッセイスト
-1,法制審議会,法相の諮問機関
-1,尚学,沖縄
-1,◇４等,１０００円
-1,小野,浦和
-1,0,近
-1,日,当日消印有効
-1,0,ヤ
-1,嫉妬,しっと
-1,総裁,首相
-1,」,角川書店
-1,観,み
-1,。,詩人
-1,」,同社
-1,」,都銀幹部
-1,、６９,３６、３３
-1,２０００年,Ｙ２Ｋ
-1,智弁和歌山,和歌山
-1,。,猷
-1,の絆,きずな
-1,伊東浩司,富士通
-1,0,港区
-1,、６９,３３、３６
-1,賭,か
-1,」,アナリスト
-1,」,ポプラ社
-1,白幡圭史,コクド
-1,蘇生,そせい
-1,日,消印有効
-1,。,三連星
-1,0,ダ
-1,。,甘竹潤二
-1,◇１等,１０００万円
-1,【ローザンヌ,スイス
-1,。,０６・７７１・１００９
-1,0,ドイツ
-1,0,広
-1,」,大蔵省幹部
-1,！,読売
-1,、７３,３６、３７
-1,」,関係者
-1,葛西紀明,マイカル
-1,」,本社・大阪市
-1,0,Ｆ
-1,宮平秀治,ミズノ
-1,教授,考古学
-1,斬新,ざんしん
-1,氏,民主
-1,金泳三,キムヨンサム
-1,金鍾泌,キムジョンピル
-1,脇,わき
-1,議会,下院
-1,0,西
-1,」,国際金融筋
-1,。,中略
-1,さん,83
-1,閉塞,へいそく
-1,。,関浩
-1,0,Ｄ
-1,さん,82
-1,〜１７時,月曜休館
-1,鍵,かぎ
-1,鍋,なべ
-1,【ディリ,東ティモール
-1,」,東京都渋谷区
-1,68,３５、３３
-1,００メートル,芝・１４頭
-1,。,０５７０・０００・４８９
-1,君,３年
-1,」,本社・東京
-1,、７０,３６、３４
-1,横浜,神奈川
-1,国立循環器病センター,大阪府吹田市
-1,対峙,たいじ
-1,恣意,しい
-1,氏,自民
-1,0,0
-1,）—,13
-1,姑,しゅうとめ
-1,００メートル,芝・１６頭
-1,　総合,　総合　
-1,」,東京都新宿区
-1,さん,15
-1,ぼけ予防協会の電話相談「ぼけ１１０番」,協力・アメリカンファミリー生命保険
-1,さん,81
-1,岡崎朋美,富士急
-1,堰,ぜき
-1,金融再生委員会,柳沢伯夫委員長
-1,さん,故人
-1,頃,ころ
-1,椅子,いす
-1,、６８,３３、３５
-1,００円,税別
-1,」,広報部
-1,駒,こま
-1,」,大阪市
-1,荻原健司,北野建設
-1,必須,ひっす
-1,、７２,３７、３５
-1,毎日新聞社と,財
-1,」,金融筋
-1,。,０６・３７７・７７７７
-1,俺,おれ
-1,。,４面に関連記事
-1,葛藤,かっとう
-1,0,横
-1,金大中,キム・デジュン
-1,　　—,　—　—
-1,」,東京
-1,明徳義塾,高知
-1,」,岩波書店
-1,商法違反,利益供与
-1,。,Ｔ
-1,。,Ｋ
-1,他,ほか
-1,。,加古明光
-1,。,川
-1,。,中村智佳子
-1,老舗,しにせ
-1,特別公的管理,一時国有化
-1,、７２,３５、３７
-1,公判,東京地裁
-1,杉山愛,日本テレコム
-1,。,中砂公治
-1,。,０７９７・８５・６２７２
-1,さん,中央
-1,、７２,３６、３６
-1,さん,79
-1,■写真説明　,上
-1,、７１,３６、３５
-1,」,自民党幹部
-1,、６９,３４、３５
-1,」,外務省幹部
-1,」,東京都千代田区
-1,、６８,３４、３４
-1,ＰＬ学園,大阪
-1,茨城県東海村の核燃料加工会社「ジェー・シー・オー,ＪＣＯ
-1,0,11
-1,、７０,３４、３６
-1,」,外務省筋
-1,。,０６・２１４・２２００
-1,毅然,きぜん
-1,青瓦台,大統領官邸
-1,痴呆,ちほう
-1,」,政府筋
-1,。,千
-1,腎,じん
-1,。,Ｙ
-1,0,12
-1,日、東京地裁,阿部文洋裁判長
-1,さん,80
-1,0,14
-1,。,１１面に関連記事
-1,さん,76
-1,ピコグラム,ピコは１兆分の１
-1,0,巨
-1,、７１,３５、３６
-1,」,新潮社
-1,戦七番勝負,毎日新聞社主催、富士通協賛
-1,真摯,しんし
-1,、６９,３５、３４
-1,」,東京都港区
-1,。,３面に関連記事
-1,さん,78
-1,。,つづく
-1,さん,16
-1,かファクス,０６・３４６・８１０４
-1,腎臓,じんぞう
-1,。,川熊博行
-1,かファクス,０６・６３４６・８１０４
-1,淘汰,とうた
-1,さん,17
-1,原田雅彦,雪印
-1,中入後,数字は対戦成績
-1,。,７面に関連記事
-1,さん,75
-1,謎,なぞ
-1,0,米国
-1,さん,77
-1,、７０,３５、３５
-1,船木和喜,デサント
-1,日,祝
-1,首相,当時
-1,癒,いや
-1,。,９面に関連記事
-1,0,—
-1,。,石井妙子
-1,金正日,キムジョンイル
-1,新社会面に関するご意見、情報は、名前,掲載の場合匿名を希望する方も
-1,さん,19
-1,さん,18
-1,さん,74
-1,危惧,きぐ
-1,0,10
-1,。,談
-1,」,講談社
-1,。,編集委員
-1,」,大手証券
-1,さん,72
-1,闇,やみ
-1,さん,71
-1,。,２面に関連記事
-1,。,山村英樹
-1,さん,右
-1,さん,73
-1,さん,20
-1,さん,21
-1,さん,23
-1,さん,左
-1,さん,70
-1,さん,26
-1,さん,69
-1,さん,68
-1,、年齢、職業、電話番号を明記のうえ、手紙,〒５３０—８２５１　毎日新聞大阪本社新社会面編集室＝住所不要
-1,。,敬称略
-1,さん,66
-1,さん,22
-1,横山ノック,山田勇
-1,さん,58
-1,さん,61
-1,さん,59
-1,さん,27
-1,さん,36
-1,さん,67
-1,さん,30
-1,さん,25
-1,さん,63
-1,さん,40
-1,さん,64
-1,さん,29
-1,さん,41
-1,さん,57
-1,さん,33
-1,さん,62
-1,さん,65
-1,《その日のニュースから１０項目を抽出。関心のあるもの三つを、都内の繁華街３カ所で、１００人に選んでもらい集計。ＴＢＳラジオの「荒川強啓　デイキャッチ！」,月〜金曜午後４時から
-1,さん,32
-1,さん,60
-1,さん,28
-1,さん,44
-1,さん,56
-1,さん,24
-1,さん,53
-1,さん,43
-1,さん,54
-1,さん,45
-1,さん,34
-1,さん,37
-1,さん,31
-1,さん,39
-1,さん,42
-1,さん,38
-1,さん,52
-1,。,社会面に関連記事
-1,さん,55
-1,さん,46
-1,51,住所不要
-1,さん,47
-1,0,9
-1,」,仮称
-1,さん,35
-1,さん,49
-1,拉致,らち
-1,さん,51
-1,☆印は秀逸,仲畑貴志選
-1,金大中,キムデジュン
-1,さん,50
-1,さん,48
-1,」,同
-1,0,8
-1,」,幹部
-1,0,7
-1,誰,だれ
-1,日,水
-1,日,木
-1,0,4
-1,ウェルト,独
-1,ワシントン・ポスト,米
-1,朝鮮日報,韓国
-1,イズベスチヤ,露
-1,タイムズ,英
-1,フィガロ,仏
-1,アルアハラム,エジプト
-1,バンコク・ポスト,タイ
-1,人民日報,中国
-1,日,月
-1,日,金
-1,日,火
-1,0,6
-1,0,5
-1,0,3
-1,0,2
-1,日,土
-1,日,日
-1,「バスク祖国と自由」,ＥＴＡ
-1,デジタルホン,Ｊフォン
-1,ペイオフ,預金の払戻保証額を元本１０００万円までとする措置
-1,の解職請求,リコール
-1,プアーズ,Ｓ＆Ｐ
-1,「鉄道員,ぽっぽや
-1,全国人民代表大会,全人代＝国会
-1,税法違反,脱税
-1,ＤＲＡＭ,記憶保持動作が必要な随時書き込み読み出しメモリー
-1,実験棟,ＪＥＭ
-1,ＫＧＢ,国家保安委員会
-1,ジュマ・ホッジャ軍事担当責任者,通称ナマンガニ
-1,武蔵川親方,元横綱三重ノ海
-1,オリンピック委員会,ＮＯＣ
-1,テストマッチ,国代表試合
-1,経済通貨同盟,ＥＭＵ
-1,電気通信事業法違反,通信の秘密の侵害
-1,毎日新聞社に入った連絡によると、自動車の世界ラリー選手権,ＷＲＣ
-1,ペットロボット「ＡＩＢＯ,アイボ
-1,核燃料サイクル開発機構,旧動燃
-1,カートマン特使,朝鮮半島和平担当
-1,グローバルスタンダード,国際標準
-1,月の景気動向指数,ＤＩ、速報値
-1,武田豊樹,ＳＨＩ
-1,ＭＯＦ担,大蔵省担当者
-1,生産禁止,カットオフ
-1,月の景気動向指数,ＤＩ
-1,大会組織委員会,ＣＦＯ
-1,ＭＯＦ担,大蔵省担当
-1,ナショナル・カンファレンス,ＮＦＣ
-1,東輝,ニッカ
-1,日本版ＲＴＣ,整理信託公社
-1,歳出上限,キャップ
-1,燃料会社,ＢＮＦＬ
-1,一然,イリヨム
-1,運輸政策審議会,運輸相の諮問機関
-1,リーグ,ＮＦＬ
-1,国家保安委員会,ＫＧＢ
-1,小野真澄,ＣＦＡ
-1,プラットホーム,車台
-1,証券取引法違反,インサイダー取引
-1,「ドイモイ,刷新
-1,経済のファンダメンタルズ,基礎的諸条件
-1,上原三枝,ＪＮＦ
-1,スイス銀行,ＳＢＣ
-1,日本組織委員会,ＪＡＷＯＣ
-1,クレディ・スイス・ファイナンシャル・プロダクツ銀行,ＣＳＦＰ
-1,「ｉＭａｃ,アイマック
-1,シアン,青酸
-1,偉関晴光,ラララ
-1,を使うＲＤＳ,ランダム・デジット・サンプリング
-1,キャリア,上級職
-1,検査,臨検
-1,公開市場委員会,ＦＯＭＣ
-1,日、運輸省にリコール,回収・無償修理
-1,国際平和維持部隊,ＫＦＯＲ
-1,独占禁止法違反,不当な取引制限
-1,・グランプリ,ＧＰ
-1,福井県敦賀市の日本原子力発電,原電
-1,五輪組織委員会,ＮＡＯＣ
-1,清水宏保,ＮＥＣ
-1,主要国首脳会議,ケルン・サミット
-1,）探偵！ナイトスクープ,ＡＢＣ
-1,地域フォーラム,ＡＲＦ
-1,コソボ解放軍,ＫＬＡ
-1,商法違反,違法配当
-1,国連東ティモール派遣団,ＵＮＡＭＥＴ
-1,主要国首脳会議,バーミンガム・サミット
-1,0,1
-1,厦門,アモイ
-1,ＡＭＤＡ,アジア医師連絡協議会、本部・岡山市
-1,金属労協,ＩＭＦ・ＪＣ